unfiltered/bin.1Bacteria[:w56.27%;c50.00%]Unofficial_None[:w56.27%;c50.00%]None[:w0.00%;c0.00%]None[:w0.00%;c0.00%]None[:w0.00%;c0.00%]None[:w0.00%;c0.00%]None[:w0.00%;c0.00%]
unfiltered/bin.10None[:w0.00%;c0.00%]None[:w0.00%;c0.00%]None[:w0.00%;c0.00%]None[:w0.00%;c0.00%]None[:w0.00%;c0.00%]None[:w0.00%;c0.00%]None[:w0.00%;c0.00%]
unfiltered/bin.100Bacteria[:w83.83%;c83.61%]Proteobacteria[:w80.07%;c79.60%]Alphaproteobacteria[:w67.82%;c67.56%]Rhizobiales[:w59.88%;c60.03%]Beijerinckiaceae[:w18.17%;c19.40%]Methylocapsa[:w1.45%;c1.67%]None[:w0.00%;c0.00%]
unfiltered/bin.101Bacteria[:w16.58%;c13.51%]Unofficial_Candidatus Dependentiae[:w16.12%;c12.16%]None[:w0.00%;c0.00%]None[:w0.00%;c0.00%]None[:w0.00%;c0.00%]None[:w0.00%;c0.00%]None[:w0.00%;c0.00%]
unfiltered/bin.102Bacteria[:w77.23%;c85.94%]Nitrospirae[:w74.65%;c82.81%]Nitrospira[:w51.60%;c68.75%]Nitrospirales[:w51.60%;c68.75%]Nitrospiraceae[:w51.60%;c68.75%]Nitrospira[:w47.52%;c64.06%]None[:w0.00%;c0.00%]
unfiltered/bin.103Bacteria[:w89.71%;c89.09%]Unofficial_None[:w85.96%;c82.73%]None[:w0.00%;c0.00%]None[:w0.00%;c0.00%]None[:w0.00%;c0.00%]None[:w0.00%;c0.00%]None[:w0.00%;c0.00%]
unfiltered/bin.104Bacteria[:w30.78%;c43.60%]Proteobacteria[:w30.18%;c42.12%]Deltaproteobacteria[:w22.08%;c33.50%]Desulfobacterales[:w10.97%;c17.98%]Desulfobulbaceae[:w4.86%;c8.62%]None[:w0.00%;c0.00%]None[:w0.00%;c0.00%]
unfiltered/bin.105Bacteria[:w17.11%;c24.30%]Acidobacteria[:w14.46%;c20.41%]None[:w0.00%;c0.00%]None[:w0.00%;c0.00%]None[:w0.00%;c0.00%]None[:w0.00%;c0.00%]None[:w0.00%;c0.00%]
unfiltered/bin.106Bacteria[:w31.88%;c20.00%]Ignavibacteriae[:w27.10%;c14.29%]Ignavibacteria[:w10.12%;c2.86%]None[:w0.00%;c0.00%]None[:w0.00%;c0.00%]None[:w0.00%;c0.00%]None[:w0.00%;c0.00%]
unfiltered/bin.107Bacteria[:w7.11%;c4.35%]Unofficial_None[:w7.11%;c4.35%]None[:w0.00%;c0.00%]None[:w0.00%;c0.00%]None[:w0.00%;c0.00%]None[:w0.00%;c0.00%]None[:w0.00%;c0.00%]
unfiltered/bin.108Archaea[:w41.29%;c52.02%]Euryarchaeota[:w41.29%;c52.02%]Methanomicrobia[:w35.45%;c47.98%]Methanosarcinales[:w27.66%;c41.41%]Methanosaetaceae[:w20.77%;c35.35%]Methanothrix[:w20.77%;c35.35%]Methanothrix sp.[:w3.90%;c7.58%]
unfiltered/bin.109Bacteria[:w71.91%;c75.17%]Proteobacteria[:w68.18%;c70.39%]Betaproteobacteria[:w41.52%;c43.43%]Burkholderiales[:w1.34%;c1.33%]Comamonadaceae[:w0.39%;c0.27%]Variovorax[:w0.11%;c0.13%]None[:w0.00%;c0.00%]
unfiltered/bin.11Bacteria[:w58.08%;c68.51%]Proteobacteria[:w57.86%;c67.96%]Deltaproteobacteria[:w52.24%;c61.68%]Desulfobacterales[:w0.07%;c0.18%]Desulfobulbaceae[:w0.07%;c0.18%]None[:w0.00%;c0.00%]None[:w0.00%;c0.00%]
unfiltered/bin.110Bacteria[:w58.88%;c57.82%]Firmicutes[:w37.28%;c35.40%]Clostridia[:w4.33%;c3.54%]Clostridiales[:w3.47%;c2.65%]Peptococcaceae[:w0.83%;c0.59%]None[:w0.00%;c0.00%]None[:w0.00%;c0.00%]
unfiltered/bin.111Bacteria[:w4.12%;c10.29%]Proteobacteria[:w1.41%;c3.43%]Gammaproteobacteria[:w0.69%;c0.98%]Xanthomonadales[:w0.53%;c0.49%]Rhodanobacteraceae[:w0.53%;c0.49%]None[:w0.00%;c0.00%]None[:w0.00%;c0.00%]
unfiltered/bin.112Bacteria[:w63.09%;c70.85%]Firmicutes[:w62.93%;c70.60%]Clostridia[:w44.43%;c50.00%]Clostridiales[:w38.43%;c45.23%]Ruminococcaceae[:w6.18%;c7.79%]None[:w0.00%;c0.00%]None[:w0.00%;c0.00%]
unfiltered/bin.113Bacteria[:w74.05%;c81.80%]Bacteroidetes[:w72.71%;c79.85%]Bacteroidia[:w40.29%;c48.74%]Bacteroidales[:w35.13%;c43.45%]Bacteroidaceae[:w1.58%;c2.14%]Bacteroides[:w1.58%;c2.14%]Bacteroides thetaiotaomicron[:w0.06%;c0.06%]
unfiltered/bin.114Bacteria[:w17.37%;c27.27%]Ignavibacteriae[:w17.08%;c26.52%]Ignavibacteria[:w11.68%;c18.69%]Ignavibacteriales[:w2.33%;c3.28%]Ignavibacteriaceae[:w0.07%;c0.25%]Ignavibacterium[:w0.07%;c0.25%]Ignavibacterium album[:w0.07%;c0.25%]
unfiltered/bin.115Bacteria[:w88.61%;c89.15%]Proteobacteria[:w87.44%;c86.56%]Betaproteobacteria[:w8.45%;c11.89%]Nitrosomonadales[:w3.88%;c5.17%]Thiobacillaceae[:w2.86%;c3.62%]Thiobacillus[:w2.79%;c3.36%]None[:w0.00%;c0.00%]
unfiltered/bin.116Archaea[:w20.47%;c24.36%]Candidatus Micrarchaeota[:w19.96%;c23.50%]None[:w0.00%;c0.00%]None[:w0.00%;c0.00%]None[:w0.00%;c0.00%]None[:w0.00%;c0.00%]None[:w0.00%;c0.00%]
unfiltered/bin.117Bacteria[:w8.32%;c11.24%]Firmicutes[:w3.33%;c4.02%]Clostridia[:w1.38%;c1.81%]Clostridiales[:w0.64%;c0.80%]None[:w0.00%;c0.00%]None[:w0.00%;c0.00%]None[:w0.00%;c0.00%]
unfiltered/bin.118Bacteria[:w79.93%;c81.16%]Proteobacteria[:w72.05%;c72.57%]Alphaproteobacteria[:w52.81%;c53.08%]Rhizobiales[:w21.31%;c20.99%]Bradyrhizobiaceae[:w1.64%;c1.68%]Bradyrhizobium[:w0.75%;c0.84%]None[:w0.00%;c0.00%]
unfiltered/bin.119Bacteria[:w66.55%;c70.42%]Chloroflexi[:w66.19%;c69.58%]Anaerolineae[:w0.93%;c1.88%]Anaerolineales[:w0.93%;c1.88%]Anaerolineaceae[:w0.93%;c1.88%]None[:w0.00%;c0.00%]None[:w0.00%;c0.00%]
unfiltered/bin.12Bacteria[:w60.19%;c66.67%]Unofficial_None[:w41.18%;c44.98%]None[:w0.00%;c0.00%]None[:w0.00%;c0.00%]None[:w0.00%;c0.00%]None[:w0.00%;c0.00%]None[:w0.00%;c0.00%]
unfiltered/bin.120Bacteria[:w57.45%;c65.77%]Acidobacteria[:w55.84%;c62.37%]None[:w0.00%;c0.00%]None[:w0.00%;c0.00%]None[:w0.00%;c0.00%]None[:w0.00%;c0.00%]None[:w0.00%;c0.00%]
unfiltered/bin.121Bacteria[:w50.40%;c52.17%]Lentisphaerae[:w45.75%;c45.86%]Lentisphaeria[:w0.22%;c0.41%]Victivallales[:w0.22%;c0.41%]Victivallaceae[:w0.07%;c0.14%]Victivallis[:w0.07%;c0.14%]Victivallis vadensis[:w0.07%;c0.14%]
unfiltered/bin.122Bacteria[:w9.90%;c15.45%]Candidatus Tectomicrobia[:w3.76%;c5.07%]None[:w0.00%;c0.00%]None[:w0.00%;c0.00%]None[:w0.00%;c0.00%]None[:w0.00%;c0.00%]None[:w0.00%;c0.00%]
unfiltered/bin.123Archaea[:w69.44%;c81.86%]Euryarchaeota[:w69.44%;c81.86%]Methanobacteria[:w61.02%;c77.21%]Methanobacteriales[:w61.02%;c77.21%]Methanobacteriaceae[:w26.97%;c41.40%]Methanobacterium[:w24.11%;c38.14%]Methanobacterium congolense[:w0.09%;c0.47%]
unfiltered/bin.124Bacteria[:w32.12%;c20.00%]Verrucomicrobia[:w31.56%;c15.00%]None[:w0.00%;c0.00%]None[:w0.00%;c0.00%]None[:w0.00%;c0.00%]None[:w0.00%;c0.00%]None[:w0.00%;c0.00%]
unfiltered/bin.125Archaea[:w79.55%;c85.66%]Euryarchaeota[:w79.55%;c85.66%]Methanomicrobia[:w78.62%;c84.15%]Methanosarcinales[:w76.92%;c83.02%]Methanosarcinaceae[:w76.25%;c81.89%]Methanosarcina[:w67.37%;c73.21%]Methanosarcina barkeri[:w0.75%;c0.75%]
unfiltered/bin.126Archaea[:w50.49%;c75.00%]Euryarchaeota[:w50.49%;c75.00%]Methanobacteria[:w41.69%;c66.30%]Methanobacteriales[:w41.69%;c66.30%]Methanobacteriaceae[:w33.94%;c58.70%]Methanobacterium[:w33.04%;c57.61%]None[:w0.00%;c0.00%]
unfiltered/bin.127Bacteria[:w13.23%;c19.04%]Ignavibacteriae[:w12.07%;c16.53%]Ignavibacteria[:w2.35%;c3.14%]None[:w0.00%;c0.00%]None[:w0.00%;c0.00%]None[:w0.00%;c0.00%]None[:w0.00%;c0.00%]
unfiltered/bin.128Archaea[:w78.99%;c88.07%]Thaumarchaeota[:w78.99%;c88.07%]None[:w0.00%;c0.00%]None[:w0.00%;c0.00%]None[:w0.00%;c0.00%]None[:w0.00%;c0.00%]None[:w0.00%;c0.00%]
unfiltered/bin.129Bacteria[:w54.78%;c58.54%]Unofficial_None[:w49.12%;c56.10%]None[:w0.00%;c0.00%]None[:w0.00%;c0.00%]None[:w0.00%;c0.00%]None[:w0.00%;c0.00%]None[:w0.00%;c0.00%]
unfiltered/bin.13Bacteria[:w60.15%;c76.19%]Unofficial_None[:w60.15%;c76.19%]None[:w0.00%;c0.00%]None[:w0.00%;c0.00%]None[:w0.00%;c0.00%]None[:w0.00%;c0.00%]None[:w0.00%;c0.00%]
unfiltered/bin.130Bacteria[:w38.39%;c49.89%]Proteobacteria[:w37.86%;c49.03%]Deltaproteobacteria[:w33.18%;c45.16%]Desulfarculales[:w8.24%;c12.69%]Desulfarculaceae[:w8.24%;c12.69%]Desulfocarbo[:w0.05%;c0.22%]Desulfocarbo indianensis[:w0.05%;c0.22%]
unfiltered/bin.131Bacteria[:w82.79%;c86.06%]Proteobacteria[:w82.43%;c85.53%]Betaproteobacteria[:w40.21%;c44.49%]Burkholderiales[:w2.21%;c2.24%]Burkholderiaceae[:w0.21%;c0.24%]Cupriavidus[:w0.08%;c0.10%]None[:w0.00%;c0.00%]
unfiltered/bin.132Bacteria[:w47.79%;c59.80%]Unofficial_None[:w41.72%;c50.98%]None[:w0.00%;c0.00%]None[:w0.00%;c0.00%]None[:w0.00%;c0.00%]None[:w0.00%;c0.00%]None[:w0.00%;c0.00%]
unfiltered/bin.133Bacteria[:w35.07%;c40.58%]Spirochaetes[:w34.81%;c39.71%]Spirochaetia[:w1.52%;c2.03%]Spirochaetales[:w1.52%;c2.03%]Spirochaetaceae[:w0.33%;c0.29%]Treponema[:w0.33%;c0.29%]None[:w0.00%;c0.00%]
unfiltered/bin.134Bacteria[:w60.42%;c70.70%]Proteobacteria[:w60.42%;c70.70%]Deltaproteobacteria[:w57.29%;c67.91%]Desulfuromonadales[:w35.59%;c46.51%]Geobacteraceae[:w9.38%;c11.16%]Geobacter[:w7.55%;c8.37%]Geobacter sulfurreducens[:w0.71%;c0.47%]
unfiltered/bin.135Bacteria[:w10.28%;c15.31%]Proteobacteria[:w7.46%;c9.46%]Deltaproteobacteria[:w3.10%;c2.36%]Myxococcales[:w0.34%;c0.51%]Myxococcaceae[:w0.10%;c0.10%]Corallococcus[:w0.10%;c0.10%]None[:w0.00%;c0.00%]
unfiltered/bin.136Bacteria[:w49.00%;c66.67%]Firmicutes[:w49.00%;c66.67%]Negativicutes[:w4.48%;c16.67%]Selenomonadales[:w4.48%;c16.67%]Sporomusaceae[:w4.48%;c16.67%]None[:w0.00%;c0.00%]None[:w0.00%;c0.00%]
unfiltered/bin.137Bacteria[:w58.25%;c58.23%]Chloroflexi[:w54.71%;c52.81%]Anaerolineae[:w1.00%;c1.41%]Anaerolineales[:w0.79%;c1.20%]Anaerolineaceae[:w0.79%;c1.20%]None[:w0.00%;c0.00%]None[:w0.00%;c0.00%]
unfiltered/bin.138Bacteria[:w80.53%;c80.40%]Proteobacteria[:w77.39%;c76.44%]Alphaproteobacteria[:w63.87%;c62.95%]Rhodospirillales[:w20.26%;c20.68%]Rhodospirillaceae[:w11.46%;c11.69%]Azospirillum[:w1.87%;c1.80%]None[:w0.00%;c0.00%]
unfiltered/bin.139Archaea[:w92.98%;c97.93%]Euryarchaeota[:w92.98%;c97.93%]Methanobacteria[:w92.58%;c97.47%]Methanobacteriales[:w92.58%;c97.47%]Methanobacteriaceae[:w60.96%;c71.72%]Methanobacterium[:w59.57%;c70.34%]Methanobacterium formicicum[:w2.01%;c2.76%]
unfiltered/bin.14Bacteria[:w9.62%;c20.00%]Candidatus Uhrbacteria[:w9.62%;c20.00%]None[:w0.00%;c0.00%]None[:w0.00%;c0.00%]None[:w0.00%;c0.00%]None[:w0.00%;c0.00%]None[:w0.00%;c0.00%]
unfiltered/bin.140Bacteria[:w46.19%;c54.98%]Chloroflexi[:w39.08%;c34.26%]Anaerolineae[:w1.27%;c0.40%]Anaerolineales[:w1.16%;c0.20%]Anaerolineaceae[:w1.16%;c0.20%]None[:w0.00%;c0.00%]None[:w0.00%;c0.00%]
unfiltered/bin.141Bacteria[:w67.13%;c68.45%]Acidobacteria[:w56.09%;c54.89%]None[:w0.00%;c0.00%]None[:w0.00%;c0.00%]None[:w0.00%;c0.00%]None[:w0.00%;c0.00%]None[:w0.00%;c0.00%]
unfiltered/bin.142Bacteria[:w43.24%;c43.36%]Spirochaetes[:w41.03%;c40.09%]Spirochaetia[:w1.00%;c0.93%]Spirochaetales[:w1.00%;c0.93%]None[:w0.00%;c0.00%]None[:w0.00%;c0.00%]None[:w0.00%;c0.00%]
unfiltered/bin.143Bacteria[:w18.87%;c20.85%]Proteobacteria[:w13.98%;c15.59%]Deltaproteobacteria[:w7.43%;c8.44%]Myxococcales[:w2.65%;c2.38%]Polyangiaceae[:w0.74%;c0.70%]Sorangium[:w0.15%;c0.20%]Sorangium cellulosum[:w0.15%;c0.20%]
unfiltered/bin.144Bacteria[:w44.77%;c46.48%]Chloroflexi[:w38.13%;c37.05%]Anaerolineae[:w6.65%;c8.23%]Anaerolineales[:w5.03%;c6.35%]Anaerolineaceae[:w5.03%;c6.35%]Pelolinea[:w0.75%;c1.20%]Pelolinea submarina[:w0.75%;c1.20%]
unfiltered/bin.145Bacteria[:w86.06%;c91.10%]Proteobacteria[:w85.97%;c90.94%]Gammaproteobacteria[:w74.24%;c83.62%]Methylococcales[:w63.45%;c76.79%]Methylococcaceae[:w29.70%;c44.20%]Methylobacter[:w15.38%;c24.01%]Methylobacter tundripaludum[:w9.22%;c15.10%]
unfiltered/bin.146Bacteria[:w62.79%;c70.45%]Proteobacteria[:w61.76%;c69.27%]Gammaproteobacteria[:w7.42%;c9.93%]Xanthomonadales[:w0.90%;c0.95%]Xanthomonadaceae[:w0.14%;c0.24%]None[:w0.00%;c0.00%]None[:w0.00%;c0.00%]
unfiltered/bin.147Bacteria[:w65.12%;c71.15%]Proteobacteria[:w65.12%;c71.15%]Betaproteobacteria[:w22.22%;c21.15%]Nitrosomonadales[:w8.26%;c7.69%]None[:w0.00%;c0.00%]None[:w0.00%;c0.00%]None[:w0.00%;c0.00%]
unfiltered/bin.148Bacteria[:w66.71%;c66.72%]Bacteroidetes[:w61.74%;c59.71%]Bacteroidia[:w4.56%;c5.13%]Bacteroidales[:w2.32%;c2.65%]Bacteroidaceae[:w0.12%;c0.17%]Bacteroides[:w0.12%;c0.17%]Bacteroides sp. CAG:1060[:w0.05%;c0.09%]
unfiltered/bin.149Bacteria[:w64.95%;c73.33%]Unofficial_None[:w60.82%;c66.67%]None[:w0.00%;c0.00%]None[:w0.00%;c0.00%]None[:w0.00%;c0.00%]None[:w0.00%;c0.00%]None[:w0.00%;c0.00%]
unfiltered/bin.15Bacteria[:w51.48%;c50.00%]Unofficial_None[:w24.92%;c25.00%]None[:w0.00%;c0.00%]None[:w0.00%;c0.00%]None[:w0.00%;c0.00%]None[:w0.00%;c0.00%]None[:w0.00%;c0.00%]
unfiltered/bin.150Bacteria[:w3.15%;c10.05%]Candidatus Eisenbacteria[:w1.39%;c4.76%]None[:w0.00%;c0.00%]None[:w0.00%;c0.00%]None[:w0.00%;c0.00%]None[:w0.00%;c0.00%]None[:w0.00%;c0.00%]
unfiltered/bin.151Bacteria[:w30.80%;c32.55%]Acidobacteria[:w16.06%;c16.76%]None[:w0.00%;c0.00%]None[:w0.00%;c0.00%]None[:w0.00%;c0.00%]None[:w0.00%;c0.00%]None[:w0.00%;c0.00%]
unfiltered/bin.152Bacteria[:w14.51%;c25.12%]Ignavibacteriae[:w13.74%;c23.24%]Ignavibacteria[:w4.43%;c8.22%]Ignavibacteriales[:w0.05%;c0.23%]None[:w0.00%;c0.00%]None[:w0.00%;c0.00%]None[:w0.00%;c0.00%]
unfiltered/bin.153Bacteria[:w81.07%;c79.31%]Unofficial_None[:w81.07%;c79.31%]None[:w0.00%;c0.00%]None[:w0.00%;c0.00%]None[:w0.00%;c0.00%]None[:w0.00%;c0.00%]None[:w0.00%;c0.00%]
unfiltered/bin.154Bacteria[:w68.26%;c73.02%]Unofficial_None[:w63.09%;c66.14%]None[:w0.00%;c0.00%]None[:w0.00%;c0.00%]None[:w0.00%;c0.00%]None[:w0.00%;c0.00%]None[:w0.00%;c0.00%]
unfiltered/bin.155Bacteria[:w54.79%;c60.23%]Acidobacteria[:w46.76%;c44.96%]Acidobacteriia[:w0.26%;c0.32%]Acidobacteriales[:w0.09%;c0.21%]Acidobacteriaceae[:w0.09%;c0.21%]None[:w0.00%;c0.00%]None[:w0.00%;c0.00%]
unfiltered/bin.156Archaea[:w28.74%;c38.56%]Thaumarchaeota[:w28.74%;c38.56%]None[:w0.00%;c0.00%]None[:w0.00%;c0.00%]None[:w0.00%;c0.00%]None[:w0.00%;c0.00%]None[:w0.00%;c0.00%]
unfiltered/bin.157Bacteria[:w98.21%;c87.50%]Unofficial_None[:w98.21%;c87.50%]None[:w0.00%;c0.00%]None[:w0.00%;c0.00%]None[:w0.00%;c0.00%]None[:w0.00%;c0.00%]None[:w0.00%;c0.00%]
unfiltered/bin.158Bacteria[:w21.52%;c25.00%]Chloroflexi[:w7.57%;c9.78%]Anaerolineae[:w1.43%;c2.17%]Anaerolineales[:w1.43%;c2.17%]Anaerolineaceae[:w1.43%;c2.17%]None[:w0.00%;c0.00%]None[:w0.00%;c0.00%]
unfiltered/bin.159Bacteria[:w19.07%;c22.06%]Actinobacteria[:w17.48%;c19.12%]Actinobacteria[:w5.19%;c5.51%]Streptomycetales[:w0.81%;c0.74%]Streptomycetaceae[:w0.81%;c0.74%]Streptomyces[:w0.50%;c0.37%]None[:w0.00%;c0.00%]
unfiltered/bin.16Bacteria[:w82.90%;c85.42%]Unofficial_None[:w71.02%;c71.53%]None[:w0.00%;c0.00%]None[:w0.00%;c0.00%]None[:w0.00%;c0.00%]None[:w0.00%;c0.00%]None[:w0.00%;c0.00%]
unfiltered/bin.160Bacteria[:w94.16%;c95.66%]Firmicutes[:w94.16%;c95.66%]Clostridia[:w84.97%;c87.80%]Clostridiales[:w83.92%;c86.86%]Clostridiaceae[:w73.84%;c78.59%]Clostridium[:w70.17%;c75.47%]Clostridium kluyveri[:w5.15%;c7.32%]
unfiltered/bin.161Bacteria[:w66.62%;c74.74%]Candidatus Moranbacteria[:w48.34%;c55.15%]None[:w0.00%;c0.00%]None[:w0.00%;c0.00%]None[:w0.00%;c0.00%]None[:w0.00%;c0.00%]None[:w0.00%;c0.00%]
unfiltered/bin.162Bacteria[:w74.92%;c80.30%]Firmicutes[:w74.37%;c79.29%]Negativicutes[:w39.22%;c46.46%]Selenomonadales[:w17.31%;c18.69%]Sporomusaceae[:w16.97%;c18.18%]Sporomusa[:w2.08%;c3.03%]None[:w0.00%;c0.00%]
unfiltered/bin.163Bacteria[:w81.48%;c82.03%]Unofficial_None[:w74.59%;c73.44%]None[:w0.00%;c0.00%]None[:w0.00%;c0.00%]None[:w0.00%;c0.00%]None[:w0.00%;c0.00%]None[:w0.00%;c0.00%]
unfiltered/bin.164Bacteria[:w17.64%;c23.53%]Firmicutes[:w5.67%;c6.39%]Clostridia[:w2.62%;c3.07%]Clostridiales[:w0.97%;c1.28%]Peptococcaceae[:w0.21%;c0.38%]None[:w0.00%;c0.00%]None[:w0.00%;c0.00%]
unfiltered/bin.165Bacteria[:w7.75%;c22.22%]Proteobacteria[:w4.56%;c11.11%]Gammaproteobacteria[:w4.56%;c11.11%]None[:w0.00%;c0.00%]None[:w0.00%;c0.00%]None[:w0.00%;c0.00%]None[:w0.00%;c0.00%]
unfiltered/bin.166Bacteria[:w59.19%;c61.22%]Firmicutes[:w56.58%;c58.67%]Clostridia[:w47.99%;c50.42%]Clostridiales[:w46.78%;c49.16%]Clostridiaceae[:w40.47%;c42.40%]Clostridium[:w39.47%;c41.25%]Clostridium kluyveri[:w2.66%;c3.04%]
unfiltered/bin.167Bacteria[:w34.13%;c54.55%]Proteobacteria[:w33.55%;c51.52%]Deltaproteobacteria[:w26.68%;c42.42%]Desulfovibrionales[:w20.71%;c36.36%]Desulfovibrionaceae[:w20.71%;c36.36%]Desulfovibrio[:w19.17%;c33.33%]None[:w0.00%;c0.00%]
unfiltered/bin.168Bacteria[:w22.95%;c31.03%]Unofficial_None[:w14.65%;c17.24%]None[:w0.00%;c0.00%]None[:w0.00%;c0.00%]None[:w0.00%;c0.00%]None[:w0.00%;c0.00%]None[:w0.00%;c0.00%]
unfiltered/bin.169Bacteria[:w27.79%;c28.12%]Bacteroidetes[:w16.94%;c15.62%]Sphingobacteriia[:w9.26%;c3.12%]Sphingobacteriales[:w9.26%;c3.12%]Sphingobacteriaceae[:w9.26%;c3.12%]None[:w0.00%;c0.00%]None[:w0.00%;c0.00%]
unfiltered/bin.17Bacteria[:w85.51%;c84.62%]Unofficial_None[:w83.15%;c82.69%]None[:w0.00%;c0.00%]None[:w0.00%;c0.00%]None[:w0.00%;c0.00%]None[:w0.00%;c0.00%]None[:w0.00%;c0.00%]
unfiltered/bin.170Bacteria[:w31.22%;c38.78%]Proteobacteria[:w20.90%;c18.37%]Alphaproteobacteria[:w2.16%;c2.04%]Pelagibacterales[:w2.16%;c2.04%]Pelagibacteraceae[:w2.16%;c2.04%]None[:w0.00%;c0.00%]None[:w0.00%;c0.00%]
unfiltered/bin.171Bacteria[:w78.92%;c77.54%]Unofficial_None[:w76.64%;c73.19%]None[:w0.00%;c0.00%]None[:w0.00%;c0.00%]None[:w0.00%;c0.00%]None[:w0.00%;c0.00%]None[:w0.00%;c0.00%]
unfiltered/bin.172Bacteria[:w24.17%;c32.29%]Acidobacteria[:w20.94%;c27.19%]None[:w0.00%;c0.00%]None[:w0.00%;c0.00%]None[:w0.00%;c0.00%]None[:w0.00%;c0.00%]None[:w0.00%;c0.00%]
unfiltered/bin.173Bacteria[:w52.98%;c56.86%]Candidatus Uhrbacteria[:w30.50%;c37.25%]None[:w0.00%;c0.00%]None[:w0.00%;c0.00%]None[:w0.00%;c0.00%]None[:w0.00%;c0.00%]None[:w0.00%;c0.00%]
unfiltered/bin.174Bacteria[:w63.18%;c65.78%]Acidobacteria[:w54.63%;c55.44%]Solibacteres[:w0.56%;c0.53%]None[:w0.00%;c0.00%]None[:w0.00%;c0.00%]None[:w0.00%;c0.00%]None[:w0.00%;c0.00%]
unfiltered/bin.175Bacteria[:w36.05%;c41.04%]Proteobacteria[:w33.86%;c36.40%]Deltaproteobacteria[:w28.81%;c30.90%]Syntrophobacterales[:w5.02%;c5.78%]Syntrophaceae[:w4.55%;c5.02%]Desulfomonile[:w4.42%;c4.83%]Desulfomonile tiedjei[:w4.42%;c4.83%]
unfiltered/bin.176Bacteria[:w21.54%;c39.64%]Proteobacteria[:w21.16%;c37.57%]Deltaproteobacteria[:w16.29%;c29.59%]Desulfobacterales[:w9.76%;c17.16%]Desulfobulbaceae[:w5.11%;c6.21%]None[:w0.00%;c0.00%]None[:w0.00%;c0.00%]
unfiltered/bin.177Bacteria[:w48.30%;c52.95%]Spirochaetes[:w45.13%;c47.34%]Spirochaetia[:w1.86%;c2.45%]Spirochaetales[:w1.77%;c2.30%]Spirochaetaceae[:w1.15%;c1.44%]Treponema[:w0.48%;c0.58%]Treponema phagedenis[:w0.15%;c0.14%]
unfiltered/bin.178Bacteria[:w84.71%;c85.60%]Proteobacteria[:w84.34%;c84.84%]Gammaproteobacteria[:w69.74%;c68.15%]Methylococcales[:w49.72%;c53.45%]Methylococcaceae[:w27.41%;c35.68%]Methylobacter[:w1.36%;c2.30%]Methylobacter tundripaludum[:w0.77%;c1.23%]
unfiltered/bin.179Bacteria[:w40.53%;c40.96%]Planctomycetes[:w40.00%;c36.14%]None[:w0.00%;c0.00%]None[:w0.00%;c0.00%]None[:w0.00%;c0.00%]None[:w0.00%;c0.00%]None[:w0.00%;c0.00%]
unfiltered/bin.18Bacteria[:w88.51%;c69.23%]Bacteroidetes[:w88.51%;c69.23%]Bacteroidia[:w35.25%;c15.38%]Bacteroidales[:w24.94%;c7.69%]None[:w0.00%;c0.00%]None[:w0.00%;c0.00%]None[:w0.00%;c0.00%]
unfiltered/bin.180Bacteria[:w27.56%;c32.61%]Acidobacteria[:w20.58%;c24.18%]None[:w0.00%;c0.00%]None[:w0.00%;c0.00%]None[:w0.00%;c0.00%]None[:w0.00%;c0.00%]None[:w0.00%;c0.00%]
unfiltered/bin.181Bacteria[:w19.60%;c16.67%]Proteobacteria[:w19.60%;c16.67%]Alphaproteobacteria[:w11.30%;c4.17%]Caulobacterales[:w11.30%;c4.17%]Caulobacteraceae[:w11.30%;c4.17%]Brevundimonas[:w11.30%;c4.17%]None[:w0.00%;c0.00%]
unfiltered/bin.182Bacteria[:w4.44%;c6.45%]Proteobacteria[:w2.05%;c1.61%]Deltaproteobacteria[:w1.47%;c0.54%]None[:w0.00%;c0.00%]None[:w0.00%;c0.00%]None[:w0.00%;c0.00%]None[:w0.00%;c0.00%]
unfiltered/bin.183Bacteria[:w6.36%;c8.75%]Proteobacteria[:w3.63%;c1.25%]Deltaproteobacteria[:w3.63%;c1.25%]None[:w0.00%;c0.00%]None[:w0.00%;c0.00%]None[:w0.00%;c0.00%]None[:w0.00%;c0.00%]
unfiltered/bin.184Bacteria[:w43.17%;c59.72%]Spirochaetes[:w43.17%;c59.72%]Spirochaetia[:w9.61%;c20.83%]Spirochaetales[:w9.53%;c19.44%]None[:w0.00%;c0.00%]None[:w0.00%;c0.00%]None[:w0.00%;c0.00%]
unfiltered/bin.185Bacteria[:w81.14%;c83.61%]Unofficial_None[:w76.18%;c78.69%]None[:w0.00%;c0.00%]None[:w0.00%;c0.00%]None[:w0.00%;c0.00%]None[:w0.00%;c0.00%]None[:w0.00%;c0.00%]
unfiltered/bin.186Bacteria[:w44.75%;c54.55%]Unofficial_None[:w44.75%;c54.55%]None[:w0.00%;c0.00%]None[:w0.00%;c0.00%]None[:w0.00%;c0.00%]None[:w0.00%;c0.00%]None[:w0.00%;c0.00%]
unfiltered/bin.187Bacteria[:w57.11%;c53.57%]Unofficial_Candidatus Dependentiae[:w53.47%;c50.00%]None[:w0.00%;c0.00%]None[:w0.00%;c0.00%]None[:w0.00%;c0.00%]None[:w0.00%;c0.00%]None[:w0.00%;c0.00%]
unfiltered/bin.188Bacteria[:w23.22%;c49.35%]Proteobacteria[:w10.75%;c19.48%]Alphaproteobacteria[:w4.06%;c6.49%]Rhizobiales[:w2.70%;c3.90%]None[:w0.00%;c0.00%]None[:w0.00%;c0.00%]None[:w0.00%;c0.00%]
unfiltered/bin.189Bacteria[:w31.67%;c32.26%]Proteobacteria[:w31.44%;c30.65%]Deltaproteobacteria[:w26.11%;c20.97%]Desulfobacterales[:w24.28%;c11.29%]Desulfobulbaceae[:w24.28%;c11.29%]Desulfobulbus[:w24.28%;c11.29%]None[:w0.00%;c0.00%]
unfiltered/bin.19Bacteria[:w31.64%;c45.60%]Chloroflexi[:w31.64%;c45.60%]None[:w0.00%;c0.00%]None[:w0.00%;c0.00%]None[:w0.00%;c0.00%]None[:w0.00%;c0.00%]None[:w0.00%;c0.00%]
unfiltered/bin.190Bacteria[:w55.50%;c66.13%]Chloroflexi[:w55.41%;c65.73%]Anaerolineae[:w0.91%;c1.21%]Anaerolineales[:w0.91%;c1.21%]Anaerolineaceae[:w0.91%;c1.21%]None[:w0.00%;c0.00%]None[:w0.00%;c0.00%]
unfiltered/bin.191Bacteria[:w22.66%;c33.21%]Candidatus Melainabacteria[:w17.87%;c26.72%]None[:w0.00%;c0.00%]None[:w0.00%;c0.00%]None[:w0.00%;c0.00%]None[:w0.00%;c0.00%]None[:w0.00%;c0.00%]
unfiltered/bin.192Bacteria[:w30.72%;c30.32%]Proteobacteria[:w23.00%;c23.23%]Deltaproteobacteria[:w6.04%;c6.45%]None[:w0.00%;c0.00%]None[:w0.00%;c0.00%]None[:w0.00%;c0.00%]None[:w0.00%;c0.00%]
unfiltered/bin.193Bacteria[:w44.35%;c50.55%]Unofficial_None[:w18.26%;c18.68%]None[:w0.00%;c0.00%]None[:w0.00%;c0.00%]None[:w0.00%;c0.00%]None[:w0.00%;c0.00%]None[:w0.00%;c0.00%]
unfiltered/bin.194Bacteria[:w67.82%;c67.68%]Bacteroidetes[:w66.64%;c65.85%]Cytophagia[:w0.88%;c0.81%]Cytophagales[:w0.88%;c0.81%]Cytophagaceae[:w0.51%;c0.41%]Dyadobacter[:w0.51%;c0.41%]None[:w0.00%;c0.00%]
unfiltered/bin.195Bacteria[:w75.71%;c76.85%]Unofficial_None[:w75.27%;c75.00%]None[:w0.00%;c0.00%]None[:w0.00%;c0.00%]None[:w0.00%;c0.00%]None[:w0.00%;c0.00%]None[:w0.00%;c0.00%]
unfiltered/bin.196Bacteria[:w61.07%;c61.57%]Unofficial_None[:w58.48%;c58.36%]None[:w0.00%;c0.00%]None[:w0.00%;c0.00%]None[:w0.00%;c0.00%]None[:w0.00%;c0.00%]None[:w0.00%;c0.00%]
unfiltered/bin.197Bacteria[:w81.55%;c88.57%]Proteobacteria[:w81.43%;c88.31%]Betaproteobacteria[:w23.89%;c32.21%]Nitrosomonadales[:w3.70%;c4.94%]Gallionellaceae[:w0.29%;c0.52%]Sulfuricella[:w0.29%;c0.52%]None[:w0.00%;c0.00%]
unfiltered/bin.198Bacteria[:w91.92%;c90.50%]Proteobacteria[:w86.37%;c85.07%]Epsilonproteobacteria[:w83.34%;c81.90%]Campylobacterales[:w59.86%;c66.06%]Helicobacteraceae[:w22.27%;c26.24%]Sulfuricurvum[:w20.25%;c23.98%]None[:w0.00%;c0.00%]
unfiltered/bin.199Bacteria[:w91.15%;c92.61%]Proteobacteria[:w90.73%;c91.90%]Betaproteobacteria[:w10.06%;c14.44%]Nitrosomonadales[:w4.23%;c7.39%]Thiobacillaceae[:w2.09%;c3.87%]Thiobacillus[:w1.92%;c3.52%]None[:w0.00%;c0.00%]
unfiltered/bin.2Bacteria[:w84.49%;c91.60%]Proteobacteria[:w84.02%;c90.84%]Epsilonproteobacteria[:w74.44%;c83.46%]Campylobacterales[:w46.88%;c59.80%]Helicobacteraceae[:w11.77%;c19.85%]Sulfuricurvum[:w8.91%;c16.54%]None[:w0.00%;c0.00%]
unfiltered/bin.20Bacteria[:w6.89%;c8.70%]Bacteroidetes[:w4.30%;c5.80%]Flavobacteriia[:w0.73%;c1.45%]Flavobacteriales[:w0.73%;c1.45%]Flavobacteriaceae[:w0.73%;c1.45%]None[:w0.00%;c0.00%]None[:w0.00%;c0.00%]
unfiltered/bin.200Bacteria[:w71.57%;c83.77%]Proteobacteria[:w71.57%;c83.77%]Deltaproteobacteria[:w68.26%;c81.82%]Desulfovibrionales[:w47.91%;c68.18%]Desulfovibrionaceae[:w38.79%;c63.64%]Desulfovibrio[:w34.28%;c57.79%]Desulfovibrio magneticus[:w9.37%;c7.14%]
unfiltered/bin.201Bacteria[:w64.70%;c65.65%]Firmicutes[:w28.76%;c33.10%]Clostridia[:w14.64%;c17.11%]Clostridiales[:w6.39%;c7.09%]Clostridiaceae[:w1.39%;c1.25%]Clostridium[:w1.16%;c0.97%]Clostridium perfringens[:w0.60%;c0.14%]
unfiltered/bin.202Bacteria[:w74.43%;c77.22%]Proteobacteria[:w69.63%;c71.41%]Deltaproteobacteria[:w59.53%;c60.58%]Desulfuromonadales[:w32.34%;c34.57%]Geobacteraceae[:w8.37%;c9.21%]Geobacter[:w4.64%;c5.33%]Geobacter sulfurreducens[:w0.26%;c0.16%]
unfiltered/bin.203Bacteria[:w32.92%;c43.38%]Spirochaetes[:w30.27%;c37.29%]Spirochaetia[:w9.28%;c14.60%]Spirochaetales[:w9.26%;c14.52%]Spirochaetaceae[:w8.94%;c13.83%]Treponema[:w8.15%;c12.20%]Treponema sp. GWC1_61_84[:w0.03%;c0.09%]
unfiltered/bin.204Bacteria[:w30.31%;c39.16%]Ignavibacteriae[:w27.96%;c35.59%]Ignavibacteria[:w18.32%;c23.89%]Ignavibacteriales[:w3.72%;c4.19%]None[:w0.00%;c0.00%]None[:w0.00%;c0.00%]None[:w0.00%;c0.00%]
unfiltered/bin.205Bacteria[:w90.95%;c92.40%]Proteobacteria[:w90.48%;c91.65%]Deltaproteobacteria[:w86.62%;c88.64%]Desulfovibrionales[:w3.80%;c4.65%]Desulfovibrionaceae[:w1.99%;c2.51%]Desulfovibrio[:w1.32%;c1.69%]Desulfovibrio mexicanus[:w0.12%;c0.19%]
unfiltered/bin.206Bacteria[:w67.36%;c50.00%]Unofficial_None[:w67.36%;c50.00%]None[:w0.00%;c0.00%]None[:w0.00%;c0.00%]None[:w0.00%;c0.00%]None[:w0.00%;c0.00%]None[:w0.00%;c0.00%]
unfiltered/bin.207Bacteria[:w0.73%;c33.33%]Candidatus Daviesbacteria[:w0.51%;c16.67%]None[:w0.00%;c0.00%]None[:w0.00%;c0.00%]None[:w0.00%;c0.00%]None[:w0.00%;c0.00%]None[:w0.00%;c0.00%]
unfiltered/bin.208None[:w0.00%;c0.00%]None[:w0.00%;c0.00%]None[:w0.00%;c0.00%]None[:w0.00%;c0.00%]None[:w0.00%;c0.00%]None[:w0.00%;c0.00%]None[:w0.00%;c0.00%]
unfiltered/bin.209Bacteria[:w25.95%;c29.48%]Proteobacteria[:w8.94%;c9.66%]Deltaproteobacteria[:w3.32%;c3.88%]Myxococcales[:w0.97%;c1.13%]Polyangiaceae[:w0.24%;c0.28%]Sorangium[:w0.15%;c0.14%]Sorangium cellulosum[:w0.15%;c0.14%]
unfiltered/bin.21Bacteria[:w98.92%;c71.43%]Unofficial_None[:w98.69%;c64.29%]None[:w0.00%;c0.00%]None[:w0.00%;c0.00%]None[:w0.00%;c0.00%]None[:w0.00%;c0.00%]None[:w0.00%;c0.00%]
unfiltered/bin.210Bacteria[:w53.62%;c53.85%]Unofficial_None[:w52.54%;c50.00%]None[:w0.00%;c0.00%]None[:w0.00%;c0.00%]None[:w0.00%;c0.00%]None[:w0.00%;c0.00%]None[:w0.00%;c0.00%]
unfiltered/bin.211Bacteria[:w43.08%;c44.04%]Proteobacteria[:w26.13%;c26.06%]Alphaproteobacteria[:w13.31%;c13.76%]Holosporales[:w2.42%;c2.57%]Candidatus Paracaedibacteraceae[:w1.65%;c1.83%]Candidatus Paracaedibacter[:w0.45%;c0.37%]Candidatus Paracaedibacter symbiosus[:w0.45%;c0.37%]
unfiltered/bin.212Bacteria[:w8.21%;c13.33%]Planctomycetes[:w8.15%;c11.67%]Planctomycetia[:w0.07%;c1.67%]Planctomycetales[:w0.07%;c1.67%]None[:w0.00%;c0.00%]None[:w0.00%;c0.00%]None[:w0.00%;c0.00%]
unfiltered/bin.213Bacteria[:w89.79%;c89.03%]Proteobacteria[:w87.65%;c87.10%]Gammaproteobacteria[:w4.85%;c5.16%]None[:w0.00%;c0.00%]None[:w0.00%;c0.00%]None[:w0.00%;c0.00%]None[:w0.00%;c0.00%]
unfiltered/bin.214Bacteria[:w65.56%;c71.59%]Proteobacteria[:w64.96%;c70.46%]Betaproteobacteria[:w34.23%;c42.33%]Burkholderiales[:w1.14%;c1.41%]Comamonadaceae[:w0.35%;c0.28%]None[:w0.00%;c0.00%]None[:w0.00%;c0.00%]
unfiltered/bin.215Bacteria[:w21.19%;c33.33%]Unofficial_None[:w21.19%;c33.33%]None[:w0.00%;c0.00%]None[:w0.00%;c0.00%]None[:w0.00%;c0.00%]None[:w0.00%;c0.00%]None[:w0.00%;c0.00%]
unfiltered/bin.216Bacteria[:w75.01%;c73.68%]Firmicutes[:w68.73%;c66.92%]Clostridia[:w8.63%;c8.27%]Clostridiales[:w5.17%;c4.51%]Peptococcaceae[:w1.95%;c1.50%]None[:w0.00%;c0.00%]None[:w0.00%;c0.00%]
unfiltered/bin.217Bacteria[:w36.12%;c44.41%]Proteobacteria[:w36.01%;c43.73%]Deltaproteobacteria[:w33.06%;c41.02%]Syntrophobacterales[:w2.96%;c2.71%]Syntrophaceae[:w0.73%;c0.68%]Syntrophus[:w0.66%;c0.34%]None[:w0.00%;c0.00%]
unfiltered/bin.218Bacteria[:w36.89%;c39.01%]Acidobacteria[:w28.72%;c29.72%]None[:w0.00%;c0.00%]None[:w0.00%;c0.00%]None[:w0.00%;c0.00%]None[:w0.00%;c0.00%]None[:w0.00%;c0.00%]
unfiltered/bin.219Bacteria[:w63.41%;c75.00%]Unofficial_None[:w48.58%;c66.67%]None[:w0.00%;c0.00%]None[:w0.00%;c0.00%]None[:w0.00%;c0.00%]None[:w0.00%;c0.00%]None[:w0.00%;c0.00%]
unfiltered/bin.22Bacteria[:w63.20%;c70.08%]Unofficial_None[:w61.27%;c67.80%]None[:w0.00%;c0.00%]None[:w0.00%;c0.00%]None[:w0.00%;c0.00%]None[:w0.00%;c0.00%]None[:w0.00%;c0.00%]
unfiltered/bin.220Bacteria[:w46.37%;c59.84%]Proteobacteria[:w46.25%;c58.20%]Deltaproteobacteria[:w38.18%;c45.90%]Desulfuromonadales[:w20.97%;c15.57%]Desulfuromonadaceae[:w0.76%;c0.82%]Desulfuromonas[:w0.76%;c0.82%]None[:w0.00%;c0.00%]
unfiltered/bin.221Bacteria[:w100.00%;c100.00%]Unofficial_None[:w87.24%;c90.00%]None[:w0.00%;c0.00%]None[:w0.00%;c0.00%]None[:w0.00%;c0.00%]None[:w0.00%;c0.00%]None[:w0.00%;c0.00%]
unfiltered/bin.222Bacteria[:w90.81%;c92.31%]Unofficial_None[:w88.86%;c89.23%]None[:w0.00%;c0.00%]None[:w0.00%;c0.00%]None[:w0.00%;c0.00%]None[:w0.00%;c0.00%]None[:w0.00%;c0.00%]
unfiltered/bin.223Bacteria[:w16.42%;c16.67%]Candidatus Daviesbacteria[:w13.34%;c8.33%]None[:w0.00%;c0.00%]None[:w0.00%;c0.00%]None[:w0.00%;c0.00%]None[:w0.00%;c0.00%]None[:w0.00%;c0.00%]
unfiltered/bin.224Bacteria[:w47.15%;c60.00%]Candidatus Falkowbacteria[:w24.59%;c28.57%]None[:w0.00%;c0.00%]None[:w0.00%;c0.00%]None[:w0.00%;c0.00%]None[:w0.00%;c0.00%]None[:w0.00%;c0.00%]
unfiltered/bin.225Bacteria[:w14.37%;c17.05%]Proteobacteria[:w3.93%;c4.73%]Deltaproteobacteria[:w2.02%;c2.31%]Myxococcales[:w0.72%;c0.77%]Polyangiaceae[:w0.49%;c0.44%]Sorangium[:w0.36%;c0.22%]Sorangium cellulosum[:w0.36%;c0.22%]
unfiltered/bin.226Bacteria[:w61.02%;c71.68%]Unofficial_None[:w40.31%;c50.44%]None[:w0.00%;c0.00%]None[:w0.00%;c0.00%]None[:w0.00%;c0.00%]None[:w0.00%;c0.00%]None[:w0.00%;c0.00%]
unfiltered/bin.227Bacteria[:w22.69%;c11.54%]Candidatus Peregrinibacteria[:w22.69%;c11.54%]None[:w0.00%;c0.00%]None[:w0.00%;c0.00%]None[:w0.00%;c0.00%]None[:w0.00%;c0.00%]None[:w0.00%;c0.00%]
unfiltered/bin.228Bacteria[:w69.21%;c76.16%]Proteobacteria[:w68.78%;c74.91%]Betaproteobacteria[:w33.38%;c42.17%]Burkholderiales[:w0.79%;c1.25%]Oxalobacteraceae[:w0.20%;c0.18%]None[:w0.00%;c0.00%]None[:w0.00%;c0.00%]
unfiltered/bin.229Bacteria[:w64.48%;c66.72%]Actinobacteria[:w57.78%;c57.67%]Actinobacteria[:w0.45%;c0.52%]None[:w0.00%;c0.00%]None[:w0.00%;c0.00%]None[:w0.00%;c0.00%]None[:w0.00%;c0.00%]
unfiltered/bin.23Bacteria[:w75.76%;c80.00%]Unofficial_None[:w58.70%;c45.00%]None[:w0.00%;c0.00%]None[:w0.00%;c0.00%]None[:w0.00%;c0.00%]None[:w0.00%;c0.00%]None[:w0.00%;c0.00%]
unfiltered/bin.230Bacteria[:w21.44%;c25.53%]Ignavibacteriae[:w21.44%;c25.53%]Ignavibacteria[:w13.77%;c12.77%]None[:w0.00%;c0.00%]None[:w0.00%;c0.00%]None[:w0.00%;c0.00%]None[:w0.00%;c0.00%]
unfiltered/bin.231Bacteria[:w69.59%;c70.60%]Verrucomicrobia[:w59.10%;c58.81%]Opitutae[:w22.69%;c23.58%]Opitutales[:w10.07%;c10.72%]Opitutaceae[:w10.03%;c10.69%]Opitutus[:w0.97%;c0.96%]Opitutus sp. GAS368[:w0.68%;c0.66%]
unfiltered/bin.232Bacteria[:w19.57%;c28.14%]Candidatus Peregrinibacteria[:w14.75%;c17.96%]None[:w0.00%;c0.00%]None[:w0.00%;c0.00%]None[:w0.00%;c0.00%]None[:w0.00%;c0.00%]None[:w0.00%;c0.00%]
unfiltered/bin.233Bacteria[:w78.53%;c80.22%]Proteobacteria[:w76.45%;c74.80%]Alphaproteobacteria[:w63.55%;c66.94%]Sphingomonadales[:w54.58%;c56.91%]Sphingomonadaceae[:w46.18%;c50.14%]Sphingomonas[:w14.72%;c21.95%]None[:w0.00%;c0.00%]
unfiltered/bin.234Bacteria[:w37.24%;c46.28%]Planctomycetes[:w30.20%;c34.06%]Planctomycetia[:w7.12%;c10.52%]Planctomycetales[:w7.02%;c10.28%]Gemmataceae[:w1.98%;c2.67%]Gemmata[:w0.23%;c0.40%]None[:w0.00%;c0.00%]
unfiltered/bin.235Bacteria[:w41.73%;c42.38%]Proteobacteria[:w15.33%;c15.75%]Deltaproteobacteria[:w4.58%;c4.69%]Myxococcales[:w1.11%;c1.17%]None[:w0.00%;c0.00%]None[:w0.00%;c0.00%]None[:w0.00%;c0.00%]
unfiltered/bin.236Bacteria[:w40.61%;c44.31%]Candidatus Omnitrophica[:w36.12%;c40.00%]None[:w0.00%;c0.00%]None[:w0.00%;c0.00%]None[:w0.00%;c0.00%]None[:w0.00%;c0.00%]None[:w0.00%;c0.00%]
unfiltered/bin.237Bacteria[:w33.66%;c37.50%]Unofficial_None[:w23.70%;c26.79%]None[:w0.00%;c0.00%]None[:w0.00%;c0.00%]None[:w0.00%;c0.00%]None[:w0.00%;c0.00%]None[:w0.00%;c0.00%]
unfiltered/bin.238Bacteria[:w61.02%;c50.00%]Unofficial_None[:w61.02%;c50.00%]None[:w0.00%;c0.00%]None[:w0.00%;c0.00%]None[:w0.00%;c0.00%]None[:w0.00%;c0.00%]None[:w0.00%;c0.00%]
unfiltered/bin.239Bacteria[:w85.40%;c86.19%]Proteobacteria[:w79.77%;c79.22%]Betaproteobacteria[:w51.74%;c52.44%]Burkholderiales[:w1.76%;c1.81%]Burkholderiaceae[:w0.22%;c0.28%]None[:w0.00%;c0.00%]None[:w0.00%;c0.00%]
unfiltered/bin.24Bacteria[:w72.69%;c54.55%]Unofficial_None[:w72.69%;c54.55%]None[:w0.00%;c0.00%]None[:w0.00%;c0.00%]None[:w0.00%;c0.00%]None[:w0.00%;c0.00%]None[:w0.00%;c0.00%]
unfiltered/bin.240Bacteria[:w63.43%;c66.81%]Unofficial_None[:w44.94%;c45.26%]None[:w0.00%;c0.00%]None[:w0.00%;c0.00%]None[:w0.00%;c0.00%]None[:w0.00%;c0.00%]None[:w0.00%;c0.00%]
unfiltered/bin.241Bacteria[:w23.07%;c27.54%]Unofficial_None[:w15.06%;c13.04%]None[:w0.00%;c0.00%]None[:w0.00%;c0.00%]None[:w0.00%;c0.00%]None[:w0.00%;c0.00%]None[:w0.00%;c0.00%]
unfiltered/bin.242Bacteria[:w10.44%;c13.99%]candidate division Zixibacteria[:w6.51%;c7.85%]None[:w0.00%;c0.00%]None[:w0.00%;c0.00%]None[:w0.00%;c0.00%]None[:w0.00%;c0.00%]None[:w0.00%;c0.00%]
unfiltered/bin.243Archaea[:w2.14%;c2.06%]Candidatus Diapherotrites[:w1.45%;c1.03%]None[:w0.00%;c0.00%]None[:w0.00%;c0.00%]None[:w0.00%;c0.00%]None[:w0.00%;c0.00%]None[:w0.00%;c0.00%]
unfiltered/bin.244Bacteria[:w54.23%;c57.06%]Unofficial_None[:w33.22%;c31.13%]None[:w0.00%;c0.00%]None[:w0.00%;c0.00%]None[:w0.00%;c0.00%]None[:w0.00%;c0.00%]None[:w0.00%;c0.00%]
unfiltered/bin.245Bacteria[:w11.88%;c13.66%]Lentisphaerae[:w11.62%;c12.20%]None[:w0.00%;c0.00%]None[:w0.00%;c0.00%]None[:w0.00%;c0.00%]None[:w0.00%;c0.00%]None[:w0.00%;c0.00%]
unfiltered/bin.246Archaea[:w90.46%;c89.65%]Euryarchaeota[:w90.46%;c89.65%]Methanomicrobia[:w89.91%;c89.26%]Methanosarcinales[:w87.78%;c86.91%]Methanosarcinaceae[:w87.13%;c86.13%]Methanosarcina[:w83.14%;c83.20%]Methanosarcina barkeri[:w0.31%;c0.20%]
unfiltered/bin.247Bacteria[:w83.01%;c90.48%]Unofficial_None[:w69.01%;c69.05%]None[:w0.00%;c0.00%]None[:w0.00%;c0.00%]None[:w0.00%;c0.00%]None[:w0.00%;c0.00%]None[:w0.00%;c0.00%]
unfiltered/bin.248Bacteria[:w69.54%;c75.00%]Unofficial_None[:w67.08%;c70.83%]None[:w0.00%;c0.00%]None[:w0.00%;c0.00%]None[:w0.00%;c0.00%]None[:w0.00%;c0.00%]None[:w0.00%;c0.00%]
unfiltered/bin.249Bacteria[:w30.91%;c36.36%]Spirochaetes[:w30.71%;c35.80%]Spirochaetia[:w2.91%;c1.70%]Spirochaetales[:w2.91%;c1.70%]None[:w0.00%;c0.00%]None[:w0.00%;c0.00%]None[:w0.00%;c0.00%]
unfiltered/bin.25Bacteria[:w25.12%;c50.10%]Ignavibacteriae[:w24.75%;c48.44%]Ignavibacteria[:w22.80%;c42.00%]None[:w0.00%;c0.00%]None[:w0.00%;c0.00%]None[:w0.00%;c0.00%]None[:w0.00%;c0.00%]
unfiltered/bin.250Archaea[:w35.75%;c44.50%]Euryarchaeota[:w35.75%;c44.50%]Methanomicrobia[:w31.61%;c36.70%]Methanosarcinales[:w28.27%;c32.57%]Methanosaetaceae[:w19.29%;c22.02%]Methanothrix[:w19.29%;c22.02%]Methanothrix sp.[:w0.12%;c0.46%]
unfiltered/bin.251Bacteria[:w75.01%;c77.79%]Proteobacteria[:w71.05%;c72.87%]Alphaproteobacteria[:w54.81%;c57.04%]Rhizobiales[:w28.64%;c29.91%]Bradyrhizobiaceae[:w2.23%;c2.27%]Bradyrhizobium[:w0.92%;c1.03%]None[:w0.00%;c0.00%]
unfiltered/bin.252Bacteria[:w18.38%;c19.35%]Gemmatimonadetes[:w10.92%;c11.31%]Gemmatimonadetes[:w1.23%;c1.19%]Gemmatimonadales[:w1.23%;c1.19%]Gemmatimonadaceae[:w0.84%;c0.89%]Gemmatimonas[:w0.33%;c0.30%]Gemmatimonas sp. SM23_52[:w0.33%;c0.30%]
unfiltered/bin.253Bacteria[:w1.28%;c46.15%]Unofficial_None[:w0.77%;c26.92%]None[:w0.00%;c0.00%]None[:w0.00%;c0.00%]None[:w0.00%;c0.00%]None[:w0.00%;c0.00%]None[:w0.00%;c0.00%]
unfiltered/bin.254Bacteria[:w42.13%;c25.00%]Unofficial_None[:w37.80%;c12.50%]None[:w0.00%;c0.00%]None[:w0.00%;c0.00%]None[:w0.00%;c0.00%]None[:w0.00%;c0.00%]None[:w0.00%;c0.00%]
unfiltered/bin.255Bacteria[:w16.86%;c21.57%]Candidatus Aminicenantes[:w12.98%;c8.82%]None[:w0.00%;c0.00%]None[:w0.00%;c0.00%]None[:w0.00%;c0.00%]None[:w0.00%;c0.00%]None[:w0.00%;c0.00%]
unfiltered/bin.256Bacteria[:w85.51%;c86.67%]Unofficial_None[:w85.34%;c80.00%]None[:w0.00%;c0.00%]None[:w0.00%;c0.00%]None[:w0.00%;c0.00%]None[:w0.00%;c0.00%]None[:w0.00%;c0.00%]
unfiltered/bin.257Bacteria[:w35.65%;c71.43%]candidate division WWE3[:w35.40%;c57.14%]None[:w0.00%;c0.00%]None[:w0.00%;c0.00%]None[:w0.00%;c0.00%]None[:w0.00%;c0.00%]None[:w0.00%;c0.00%]
unfiltered/bin.258Bacteria[:w6.42%;c29.41%]Unofficial_None[:w5.28%;c17.65%]None[:w0.00%;c0.00%]None[:w0.00%;c0.00%]None[:w0.00%;c0.00%]None[:w0.00%;c0.00%]None[:w0.00%;c0.00%]
unfiltered/bin.259Bacteria[:w66.79%;c50.00%]Unofficial_None[:w66.68%;c33.33%]None[:w0.00%;c0.00%]None[:w0.00%;c0.00%]None[:w0.00%;c0.00%]None[:w0.00%;c0.00%]None[:w0.00%;c0.00%]
unfiltered/bin.26Bacteria[:w29.29%;c36.21%]candidate division WWE3[:w26.77%;c27.59%]None[:w0.00%;c0.00%]None[:w0.00%;c0.00%]None[:w0.00%;c0.00%]None[:w0.00%;c0.00%]None[:w0.00%;c0.00%]
unfiltered/bin.260Bacteria[:w7.74%;c10.00%]Firmicutes[:w7.74%;c10.00%]None[:w0.00%;c0.00%]None[:w0.00%;c0.00%]None[:w0.00%;c0.00%]None[:w0.00%;c0.00%]None[:w0.00%;c0.00%]
unfiltered/bin.261Bacteria[:w88.49%;c89.66%]Nitrospirae[:w88.49%;c89.66%]Nitrospira[:w54.61%;c68.10%]Nitrospirales[:w54.61%;c68.10%]Nitrospiraceae[:w54.61%;c68.10%]Nitrospira[:w50.02%;c62.93%]None[:w0.00%;c0.00%]
unfiltered/bin.262Bacteria[:w52.06%;c58.78%]Unofficial_None[:w34.64%;c36.45%]None[:w0.00%;c0.00%]None[:w0.00%;c0.00%]None[:w0.00%;c0.00%]None[:w0.00%;c0.00%]None[:w0.00%;c0.00%]
unfiltered/bin.263Bacteria[:w6.24%;c8.94%]Ignavibacteriae[:w3.29%;c4.07%]Ignavibacteria[:w1.57%;c1.83%]None[:w0.00%;c0.00%]None[:w0.00%;c0.00%]None[:w0.00%;c0.00%]None[:w0.00%;c0.00%]
unfiltered/bin.264Bacteria[:w80.63%;c81.68%]Unofficial_None[:w59.39%;c58.02%]None[:w0.00%;c0.00%]None[:w0.00%;c0.00%]None[:w0.00%;c0.00%]None[:w0.00%;c0.00%]None[:w0.00%;c0.00%]
unfiltered/bin.265Bacteria[:w8.54%;c14.29%]Unofficial_None[:w8.24%;c9.52%]None[:w0.00%;c0.00%]None[:w0.00%;c0.00%]None[:w0.00%;c0.00%]None[:w0.00%;c0.00%]None[:w0.00%;c0.00%]
unfiltered/bin.266Bacteria[:w10.14%;c28.57%]Unofficial_None[:w9.98%;c14.29%]None[:w0.00%;c0.00%]None[:w0.00%;c0.00%]None[:w0.00%;c0.00%]None[:w0.00%;c0.00%]None[:w0.00%;c0.00%]
unfiltered/bin.267Bacteria[:w92.88%;c93.30%]Bacteroidetes[:w92.88%;c93.30%]Chitinophagia[:w18.20%;c20.10%]Chitinophagales[:w18.20%;c20.10%]Chitinophagaceae[:w18.20%;c20.10%]Chitinophaga[:w0.29%;c0.26%]None[:w0.00%;c0.00%]
unfiltered/bin.268Bacteria[:w3.07%;c6.25%]Proteobacteria[:w2.13%;c3.57%]Gammaproteobacteria[:w1.53%;c1.79%]Methylococcales[:w0.65%;c0.89%]None[:w0.00%;c0.00%]None[:w0.00%;c0.00%]None[:w0.00%;c0.00%]
unfiltered/bin.269Bacteria[:w43.07%;c46.82%]Proteobacteria[:w38.16%;c41.29%]Deltaproteobacteria[:w25.93%;c27.88%]Desulfuromonadales[:w0.19%;c0.24%]Geobacteraceae[:w0.11%;c0.12%]Geobacter[:w0.11%;c0.12%]None[:w0.00%;c0.00%]
unfiltered/bin.27Bacteria[:w31.78%;c36.74%]Unofficial_None[:w9.07%;c10.57%]None[:w0.00%;c0.00%]None[:w0.00%;c0.00%]None[:w0.00%;c0.00%]None[:w0.00%;c0.00%]None[:w0.00%;c0.00%]
unfiltered/bin.270Bacteria[:w77.52%;c79.87%]Unofficial_None[:w73.07%;c74.21%]None[:w0.00%;c0.00%]None[:w0.00%;c0.00%]None[:w0.00%;c0.00%]None[:w0.00%;c0.00%]None[:w0.00%;c0.00%]
unfiltered/bin.271Bacteria[:w74.30%;c76.00%]Unofficial_None[:w60.98%;c72.00%]None[:w0.00%;c0.00%]None[:w0.00%;c0.00%]None[:w0.00%;c0.00%]None[:w0.00%;c0.00%]None[:w0.00%;c0.00%]
unfiltered/bin.272Bacteria[:w67.19%;c71.77%]Unofficial_None[:w59.46%;c62.10%]None[:w0.00%;c0.00%]None[:w0.00%;c0.00%]None[:w0.00%;c0.00%]None[:w0.00%;c0.00%]None[:w0.00%;c0.00%]
unfiltered/bin.273Bacteria[:w13.30%;c14.00%]Actinobacteria[:w6.35%;c6.00%]Actinobacteria[:w6.35%;c6.00%]Micrococcales[:w4.15%;c2.00%]Microbacteriaceae[:w4.15%;c2.00%]None[:w0.00%;c0.00%]None[:w0.00%;c0.00%]
unfiltered/bin.274Bacteria[:w57.75%;c62.92%]Unofficial_None[:w57.15%;c60.67%]None[:w0.00%;c0.00%]None[:w0.00%;c0.00%]None[:w0.00%;c0.00%]None[:w0.00%;c0.00%]None[:w0.00%;c0.00%]
unfiltered/bin.275Bacteria[:w86.81%;c73.08%]Unofficial_None[:w79.57%;c69.23%]None[:w0.00%;c0.00%]None[:w0.00%;c0.00%]None[:w0.00%;c0.00%]None[:w0.00%;c0.00%]None[:w0.00%;c0.00%]
unfiltered/bin.276Bacteria[:w65.16%;c66.17%]Acidobacteria[:w55.09%;c55.05%]None[:w0.00%;c0.00%]None[:w0.00%;c0.00%]None[:w0.00%;c0.00%]None[:w0.00%;c0.00%]None[:w0.00%;c0.00%]
unfiltered/bin.277Bacteria[:w62.37%;c72.29%]Unofficial_None[:w60.83%;c68.67%]None[:w0.00%;c0.00%]None[:w0.00%;c0.00%]None[:w0.00%;c0.00%]None[:w0.00%;c0.00%]None[:w0.00%;c0.00%]
unfiltered/bin.278Bacteria[:w41.60%;c46.15%]Unofficial_None[:w29.54%;c30.77%]None[:w0.00%;c0.00%]None[:w0.00%;c0.00%]None[:w0.00%;c0.00%]None[:w0.00%;c0.00%]None[:w0.00%;c0.00%]
unfiltered/bin.279Bacteria[:w76.79%;c82.18%]Proteobacteria[:w75.36%;c79.35%]Betaproteobacteria[:w28.05%;c27.99%]Burkholderiales[:w2.09%;c2.59%]Oxalobacteraceae[:w0.36%;c0.49%]Massilia[:w0.13%;c0.18%]None[:w0.00%;c0.00%]
unfiltered/bin.28Bacteria[:w80.90%;c81.48%]Unofficial_None[:w65.61%;c62.04%]None[:w0.00%;c0.00%]None[:w0.00%;c0.00%]None[:w0.00%;c0.00%]None[:w0.00%;c0.00%]None[:w0.00%;c0.00%]
unfiltered/bin.280Bacteria[:w36.80%;c41.71%]Candidatus Omnitrophica[:w33.75%;c36.73%]None[:w0.00%;c0.00%]None[:w0.00%;c0.00%]None[:w0.00%;c0.00%]None[:w0.00%;c0.00%]None[:w0.00%;c0.00%]
unfiltered/bin.281Bacteria[:w85.65%;c84.12%]Unofficial_None[:w76.25%;c70.39%]None[:w0.00%;c0.00%]None[:w0.00%;c0.00%]None[:w0.00%;c0.00%]None[:w0.00%;c0.00%]None[:w0.00%;c0.00%]
unfiltered/bin.282Bacteria[:w19.38%;c27.39%]Ignavibacteriae[:w12.50%;c17.72%]Ignavibacteria[:w4.00%;c6.23%]Ignavibacteriales[:w0.08%;c0.17%]None[:w0.00%;c0.00%]None[:w0.00%;c0.00%]None[:w0.00%;c0.00%]
unfiltered/bin.283Bacteria[:w83.19%;c81.92%]Proteobacteria[:w83.08%;c81.63%]Alphaproteobacteria[:w60.70%;c60.64%]Rhodospirillales[:w11.93%;c13.12%]Rhodospirillaceae[:w7.84%;c8.75%]Thalassospira[:w1.23%;c1.17%]None[:w0.00%;c0.00%]
unfiltered/bin.284Bacteria[:w24.64%;c50.00%]Candidatus Doudnabacteria[:w17.48%;c25.00%]None[:w0.00%;c0.00%]None[:w0.00%;c0.00%]None[:w0.00%;c0.00%]None[:w0.00%;c0.00%]None[:w0.00%;c0.00%]
unfiltered/bin.285Bacteria[:w43.57%;c62.50%]Unofficial_None[:w43.57%;c62.50%]None[:w0.00%;c0.00%]None[:w0.00%;c0.00%]None[:w0.00%;c0.00%]None[:w0.00%;c0.00%]None[:w0.00%;c0.00%]
unfiltered/bin.286Bacteria[:w84.63%;c71.43%]Unofficial_None[:w42.85%;c14.29%]None[:w0.00%;c0.00%]None[:w0.00%;c0.00%]None[:w0.00%;c0.00%]None[:w0.00%;c0.00%]None[:w0.00%;c0.00%]
unfiltered/bin.287Bacteria[:w1.01%;c3.36%]Planctomycetes[:w0.89%;c2.01%]None[:w0.00%;c0.00%]None[:w0.00%;c0.00%]None[:w0.00%;c0.00%]None[:w0.00%;c0.00%]None[:w0.00%;c0.00%]
unfiltered/bin.288Bacteria[:w66.59%;c68.34%]Unofficial_None[:w62.05%;c62.81%]None[:w0.00%;c0.00%]None[:w0.00%;c0.00%]None[:w0.00%;c0.00%]None[:w0.00%;c0.00%]None[:w0.00%;c0.00%]
unfiltered/bin.289Bacteria[:w10.12%;c14.29%]Cyanobacteria[:w8.74%;c9.52%]None[:w0.00%;c0.00%]None[:w0.00%;c0.00%]None[:w0.00%;c0.00%]None[:w0.00%;c0.00%]None[:w0.00%;c0.00%]
unfiltered/bin.29Bacteria[:w1.77%;c5.78%]Unofficial_None[:w1.17%;c4.05%]None[:w0.00%;c0.00%]None[:w0.00%;c0.00%]None[:w0.00%;c0.00%]None[:w0.00%;c0.00%]None[:w0.00%;c0.00%]
unfiltered/bin.290Bacteria[:w33.20%;c35.42%]Proteobacteria[:w17.95%;c27.08%]Betaproteobacteria[:w4.73%;c4.17%]Burkholderiales[:w2.28%;c2.08%]Burkholderiaceae[:w2.28%;c2.08%]Burkholderia[:w2.28%;c2.08%]None[:w0.00%;c0.00%]
unfiltered/bin.291None[:w0.00%;c0.00%]None[:w0.00%;c0.00%]None[:w0.00%;c0.00%]None[:w0.00%;c0.00%]None[:w0.00%;c0.00%]None[:w0.00%;c0.00%]None[:w0.00%;c0.00%]
unfiltered/bin.292Bacteria[:w65.86%;c71.77%]Unofficial_None[:w42.49%;c45.45%]None[:w0.00%;c0.00%]None[:w0.00%;c0.00%]None[:w0.00%;c0.00%]None[:w0.00%;c0.00%]None[:w0.00%;c0.00%]
unfiltered/bin.293Bacteria[:w48.61%;c83.19%]Unofficial_None[:w47.44%;c79.65%]None[:w0.00%;c0.00%]None[:w0.00%;c0.00%]None[:w0.00%;c0.00%]None[:w0.00%;c0.00%]None[:w0.00%;c0.00%]
unfiltered/bin.294Bacteria[:w53.12%;c57.14%]Unofficial_None[:w48.66%;c42.86%]None[:w0.00%;c0.00%]None[:w0.00%;c0.00%]None[:w0.00%;c0.00%]None[:w0.00%;c0.00%]None[:w0.00%;c0.00%]
unfiltered/bin.295Bacteria[:w27.80%;c30.00%]Unofficial_None[:w27.80%;c30.00%]None[:w0.00%;c0.00%]None[:w0.00%;c0.00%]None[:w0.00%;c0.00%]None[:w0.00%;c0.00%]None[:w0.00%;c0.00%]
unfiltered/bin.296Bacteria[:w60.15%;c50.00%]Unofficial_None[:w60.15%;c50.00%]None[:w0.00%;c0.00%]None[:w0.00%;c0.00%]None[:w0.00%;c0.00%]None[:w0.00%;c0.00%]None[:w0.00%;c0.00%]
unfiltered/bin.297Bacteria[:w69.72%;c73.32%]Spirochaetes[:w68.07%;c70.96%]Spirochaetia[:w0.68%;c1.05%]Spirochaetales[:w0.68%;c1.05%]Spirochaetaceae[:w0.29%;c0.53%]Treponema[:w0.23%;c0.39%]None[:w0.00%;c0.00%]
unfiltered/bin.298Bacteria[:w48.60%;c49.91%]Planctomycetes[:w31.34%;c31.94%]Planctomycetia[:w2.59%;c2.59%]Planctomycetales[:w2.26%;c2.31%]Planctomycetaceae[:w1.10%;c1.11%]Rhodopirellula[:w0.24%;c0.19%]None[:w0.00%;c0.00%]
unfiltered/bin.299Bacteria[:w78.58%;c83.96%]Candidatus Pacebacteria[:w39.69%;c44.03%]None[:w0.00%;c0.00%]None[:w0.00%;c0.00%]None[:w0.00%;c0.00%]None[:w0.00%;c0.00%]None[:w0.00%;c0.00%]
unfiltered/bin.3Bacteria[:w78.08%;c80.65%]Elusimicrobia[:w77.20%;c79.52%]None[:w0.00%;c0.00%]None[:w0.00%;c0.00%]None[:w0.00%;c0.00%]None[:w0.00%;c0.00%]None[:w0.00%;c0.00%]
unfiltered/bin.30Bacteria[:w75.81%;c80.49%]Candidatus Peregrinibacteria[:w62.57%;c65.37%]Candidatus Peribacteria[:w15.14%;c20.98%]None[:w0.00%;c0.00%]None[:w0.00%;c0.00%]None[:w0.00%;c0.00%]None[:w0.00%;c0.00%]
unfiltered/bin.300Bacteria[:w45.48%;c54.17%]Unofficial_None[:w23.91%;c38.89%]None[:w0.00%;c0.00%]None[:w0.00%;c0.00%]None[:w0.00%;c0.00%]None[:w0.00%;c0.00%]None[:w0.00%;c0.00%]
unfiltered/bin.301Bacteria[:w57.03%;c74.45%]Bacteroidetes[:w55.97%;c72.12%]Bacteroidia[:w8.53%;c15.54%]Marinilabiliales[:w5.04%;c8.23%]Prolixibacteraceae[:w4.27%;c6.49%]Prolixibacter[:w0.26%;c0.69%]None[:w0.00%;c0.00%]
unfiltered/bin.302Bacteria[:w89.05%;c91.64%]Actinobacteria[:w87.15%;c89.58%]Actinobacteria[:w86.07%;c88.55%]Propionibacteriales[:w65.11%;c67.17%]Nocardioidaceae[:w64.73%;c66.85%]Nocardioides[:w51.50%;c55.37%]Nocardioides szechwanensis[:w0.18%;c0.19%]
unfiltered/bin.303Bacteria[:w62.00%;c64.25%]Spirochaetes[:w57.85%;c59.59%]Spirochaetia[:w3.51%;c4.00%]Spirochaetales[:w3.51%;c4.00%]Spirochaetaceae[:w0.40%;c0.47%]Treponema[:w0.33%;c0.37%]None[:w0.00%;c0.00%]
unfiltered/bin.304Bacteria[:w66.50%;c72.08%]Unofficial_None[:w58.20%;c62.68%]None[:w0.00%;c0.00%]None[:w0.00%;c0.00%]None[:w0.00%;c0.00%]None[:w0.00%;c0.00%]None[:w0.00%;c0.00%]
unfiltered/bin.305Bacteria[:w86.50%;c87.86%]Elusimicrobia[:w86.14%;c87.27%]None[:w0.00%;c0.00%]None[:w0.00%;c0.00%]None[:w0.00%;c0.00%]None[:w0.00%;c0.00%]None[:w0.00%;c0.00%]
unfiltered/bin.306Bacteria[:w18.67%;c22.73%]Unofficial_None[:w15.89%;c19.70%]None[:w0.00%;c0.00%]None[:w0.00%;c0.00%]None[:w0.00%;c0.00%]None[:w0.00%;c0.00%]None[:w0.00%;c0.00%]
unfiltered/bin.307Bacteria[:w62.65%;c69.31%]Unofficial_None[:w58.61%;c64.03%]None[:w0.00%;c0.00%]None[:w0.00%;c0.00%]None[:w0.00%;c0.00%]None[:w0.00%;c0.00%]None[:w0.00%;c0.00%]
unfiltered/bin.308Bacteria[:w90.08%;c90.33%]Proteobacteria[:w88.19%;c88.01%]Alphaproteobacteria[:w67.08%;c67.45%]Rhizobiales[:w52.63%;c55.36%]Bradyrhizobiaceae[:w25.03%;c26.84%]Bradyrhizobium[:w2.24%;c2.79%]Bradyrhizobium erythrophlei[:w0.03%;c0.03%]
unfiltered/bin.309Bacteria[:w78.82%;c80.26%]Proteobacteria[:w75.20%;c75.66%]Alphaproteobacteria[:w51.97%;c53.07%]Rhodospirillales[:w15.06%;c15.46%]Rhodospirillaceae[:w8.78%;c9.21%]Magnetospirillum[:w0.85%;c1.10%]None[:w0.00%;c0.00%]
unfiltered/bin.31Bacteria[:w32.66%;c42.99%]Elusimicrobia[:w31.60%;c40.72%]None[:w0.00%;c0.00%]None[:w0.00%;c0.00%]None[:w0.00%;c0.00%]None[:w0.00%;c0.00%]None[:w0.00%;c0.00%]
unfiltered/bin.310Bacteria[:w87.96%;c89.16%]Bacteroidetes[:w87.49%;c88.02%]Bacteroidia[:w0.87%;c1.77%]Bacteroidales[:w0.42%;c0.88%]Bacteroidaceae[:w0.05%;c0.13%]Bacteroides[:w0.05%;c0.13%]None[:w0.00%;c0.00%]
unfiltered/bin.311Bacteria[:w46.06%;c54.47%]Unofficial_Candidatus Dependentiae[:w39.79%;c43.40%]None[:w0.00%;c0.00%]None[:w0.00%;c0.00%]None[:w0.00%;c0.00%]None[:w0.00%;c0.00%]None[:w0.00%;c0.00%]
unfiltered/bin.312Bacteria[:w73.27%;c77.33%]Unofficial_None[:w67.31%;c70.85%]None[:w0.00%;c0.00%]None[:w0.00%;c0.00%]None[:w0.00%;c0.00%]None[:w0.00%;c0.00%]None[:w0.00%;c0.00%]
unfiltered/bin.313Bacteria[:w84.92%;c88.71%]Proteobacteria[:w84.92%;c88.71%]Betaproteobacteria[:w51.02%;c61.29%]Nitrosomonadales[:w8.35%;c16.77%]Nitrosomonadaceae[:w0.09%;c0.32%]Nitrosospira[:w0.09%;c0.32%]None[:w0.00%;c0.00%]
unfiltered/bin.314Archaea[:w12.21%;c13.55%]Candidatus Woesearchaeota[:w12.21%;c13.55%]None[:w0.00%;c0.00%]None[:w0.00%;c0.00%]None[:w0.00%;c0.00%]None[:w0.00%;c0.00%]None[:w0.00%;c0.00%]
unfiltered/bin.315Bacteria[:w49.50%;c71.05%]Unofficial_None[:w48.15%;c68.42%]None[:w0.00%;c0.00%]None[:w0.00%;c0.00%]None[:w0.00%;c0.00%]None[:w0.00%;c0.00%]None[:w0.00%;c0.00%]
unfiltered/bin.316Bacteria[:w50.71%;c62.50%]Candidatus Berkelbacteria[:w35.83%;c35.00%]None[:w0.00%;c0.00%]None[:w0.00%;c0.00%]None[:w0.00%;c0.00%]None[:w0.00%;c0.00%]None[:w0.00%;c0.00%]
unfiltered/bin.317Bacteria[:w7.62%;c12.07%]Firmicutes[:w5.60%;c8.05%]Clostridia[:w3.42%;c4.31%]Clostridiales[:w1.38%;c1.15%]Clostridiales Family XVI. Incertae Sedis[:w0.08%;c0.29%]Carboxydocella[:w0.08%;c0.29%]None[:w0.00%;c0.00%]
unfiltered/bin.318Bacteria[:w86.20%;c88.70%]Proteobacteria[:w83.79%;c85.49%]Gammaproteobacteria[:w63.64%;c68.96%]Methylococcales[:w57.21%;c64.01%]Methylococcaceae[:w36.80%;c46.44%]Methylobacter[:w17.74%;c24.36%]Methylobacter tundripaludum[:w13.31%;c18.53%]
unfiltered/bin.319Bacteria[:w74.25%;c76.44%]Planctomycetes[:w70.86%;c71.84%]None[:w0.00%;c0.00%]None[:w0.00%;c0.00%]None[:w0.00%;c0.00%]None[:w0.00%;c0.00%]None[:w0.00%;c0.00%]
unfiltered/bin.32Bacteria[:w12.61%;c23.76%]Chloroflexi[:w11.61%;c19.89%]None[:w0.00%;c0.00%]None[:w0.00%;c0.00%]None[:w0.00%;c0.00%]None[:w0.00%;c0.00%]None[:w0.00%;c0.00%]
unfiltered/bin.320Bacteria[:w64.04%;c65.85%]Elusimicrobia[:w58.08%;c59.43%]None[:w0.00%;c0.00%]None[:w0.00%;c0.00%]None[:w0.00%;c0.00%]None[:w0.00%;c0.00%]None[:w0.00%;c0.00%]
unfiltered/bin.321Bacteria[:w15.30%;c23.88%]Ignavibacteriae[:w11.32%;c16.95%]Ignavibacteria[:w2.88%;c5.35%]None[:w0.00%;c0.00%]None[:w0.00%;c0.00%]None[:w0.00%;c0.00%]None[:w0.00%;c0.00%]
unfiltered/bin.322Bacteria[:w49.98%;c57.20%]Gemmatimonadetes[:w40.63%;c45.42%]Gemmatimonadetes[:w0.50%;c0.54%]Gemmatimonadales[:w0.50%;c0.54%]Gemmatimonadaceae[:w0.50%;c0.54%]Gemmatimonas[:w0.30%;c0.23%]None[:w0.00%;c0.00%]
unfiltered/bin.323Bacteria[:w9.92%;c14.63%]Unofficial_None[:w4.62%;c6.46%]None[:w0.00%;c0.00%]None[:w0.00%;c0.00%]None[:w0.00%;c0.00%]None[:w0.00%;c0.00%]None[:w0.00%;c0.00%]
unfiltered/bin.324Bacteria[:w55.53%;c59.26%]Unofficial_None[:w51.54%;c51.85%]None[:w0.00%;c0.00%]None[:w0.00%;c0.00%]None[:w0.00%;c0.00%]None[:w0.00%;c0.00%]None[:w0.00%;c0.00%]
unfiltered/bin.325Bacteria[:w59.96%;c60.74%]Spirochaetes[:w55.24%;c56.05%]Spirochaetia[:w3.14%;c3.71%]Spirochaetales[:w3.14%;c3.71%]Spirochaetaceae[:w2.09%;c2.54%]Treponema[:w1.58%;c1.95%]None[:w0.00%;c0.00%]
unfiltered/bin.326Bacteria[:w82.90%;c82.87%]Unofficial_None[:w63.98%;c61.11%]None[:w0.00%;c0.00%]None[:w0.00%;c0.00%]None[:w0.00%;c0.00%]None[:w0.00%;c0.00%]None[:w0.00%;c0.00%]
unfiltered/bin.327Bacteria[:w61.49%;c80.14%]Unofficial_None[:w38.82%;c42.47%]None[:w0.00%;c0.00%]None[:w0.00%;c0.00%]None[:w0.00%;c0.00%]None[:w0.00%;c0.00%]None[:w0.00%;c0.00%]
unfiltered/bin.328Archaea[:w13.09%;c15.29%]Candidatus Micrarchaeota[:w12.21%;c14.05%]None[:w0.00%;c0.00%]None[:w0.00%;c0.00%]None[:w0.00%;c0.00%]None[:w0.00%;c0.00%]None[:w0.00%;c0.00%]
unfiltered/bin.329Bacteria[:w47.42%;c56.32%]Elusimicrobia[:w47.11%;c54.02%]None[:w0.00%;c0.00%]None[:w0.00%;c0.00%]None[:w0.00%;c0.00%]None[:w0.00%;c0.00%]None[:w0.00%;c0.00%]
unfiltered/bin.33Bacteria[:w31.52%;c41.75%]Elusimicrobia[:w17.64%;c20.39%]None[:w0.00%;c0.00%]None[:w0.00%;c0.00%]None[:w0.00%;c0.00%]None[:w0.00%;c0.00%]None[:w0.00%;c0.00%]
unfiltered/bin.330Bacteria[:w73.12%;c83.33%]Proteobacteria[:w73.06%;c82.14%]Betaproteobacteria[:w43.44%;c50.00%]Nitrosomonadales[:w26.25%;c11.90%]None[:w0.00%;c0.00%]None[:w0.00%;c0.00%]None[:w0.00%;c0.00%]
unfiltered/bin.331Bacteria[:w77.96%;c79.39%]Unofficial_None[:w48.18%;c47.88%]None[:w0.00%;c0.00%]None[:w0.00%;c0.00%]None[:w0.00%;c0.00%]None[:w0.00%;c0.00%]None[:w0.00%;c0.00%]
unfiltered/bin.332Bacteria[:w44.65%;c52.42%]Planctomycetes[:w26.99%;c25.81%]None[:w0.00%;c0.00%]None[:w0.00%;c0.00%]None[:w0.00%;c0.00%]None[:w0.00%;c0.00%]None[:w0.00%;c0.00%]
unfiltered/bin.333Bacteria[:w70.63%;c71.86%]Unofficial_None[:w60.15%;c65.78%]None[:w0.00%;c0.00%]None[:w0.00%;c0.00%]None[:w0.00%;c0.00%]None[:w0.00%;c0.00%]None[:w0.00%;c0.00%]
unfiltered/bin.334Bacteria[:w91.23%;c91.58%]Candidatus Peregrinibacteria[:w84.25%;c83.86%]Candidatus Peribacteria[:w10.02%;c11.40%]None[:w0.00%;c0.00%]None[:w0.00%;c0.00%]None[:w0.00%;c0.00%]None[:w0.00%;c0.00%]
unfiltered/bin.335Bacteria[:w70.59%;c73.50%]Unofficial_None[:w67.56%;c70.94%]None[:w0.00%;c0.00%]None[:w0.00%;c0.00%]None[:w0.00%;c0.00%]None[:w0.00%;c0.00%]None[:w0.00%;c0.00%]
unfiltered/bin.336Bacteria[:w92.16%;c92.97%]Proteobacteria[:w91.74%;c92.35%]Betaproteobacteria[:w73.08%;c74.08%]Nitrosomonadales[:w42.75%;c46.64%]Gallionellaceae[:w1.61%;c2.37%]Gallionella[:w0.33%;c0.38%]Gallionella capsiferriformans[:w0.33%;c0.38%]
unfiltered/bin.337Bacteria[:w19.69%;c22.86%]Proteobacteria[:w19.57%;c21.43%]Gammaproteobacteria[:w19.05%;c18.57%]None[:w0.00%;c0.00%]None[:w0.00%;c0.00%]None[:w0.00%;c0.00%]None[:w0.00%;c0.00%]
unfiltered/bin.338Bacteria[:w10.53%;c35.33%]Unofficial_None[:w3.66%;c14.00%]None[:w0.00%;c0.00%]None[:w0.00%;c0.00%]None[:w0.00%;c0.00%]None[:w0.00%;c0.00%]None[:w0.00%;c0.00%]
unfiltered/bin.339Bacteria[:w39.63%;c41.44%]Unofficial_None[:w29.11%;c29.28%]None[:w0.00%;c0.00%]None[:w0.00%;c0.00%]None[:w0.00%;c0.00%]None[:w0.00%;c0.00%]None[:w0.00%;c0.00%]
unfiltered/bin.34Bacteria[:w69.93%;c66.67%]Candidatus Shapirobacteria[:w46.84%;c33.33%]None[:w0.00%;c0.00%]None[:w0.00%;c0.00%]None[:w0.00%;c0.00%]None[:w0.00%;c0.00%]None[:w0.00%;c0.00%]
unfiltered/bin.340Bacteria[:w36.90%;c55.64%]Ignavibacteriae[:w33.88%;c51.76%]Ignavibacteria[:w26.46%;c42.06%]Ignavibacteriales[:w0.08%;c0.24%]None[:w0.00%;c0.00%]None[:w0.00%;c0.00%]None[:w0.00%;c0.00%]
unfiltered/bin.341Bacteria[:w34.63%;c48.77%]Proteobacteria[:w33.46%;c45.54%]Deltaproteobacteria[:w28.78%;c40.99%]Syntrophobacterales[:w0.63%;c1.33%]Syntrophaceae[:w0.37%;c0.38%]None[:w0.00%;c0.00%]None[:w0.00%;c0.00%]
unfiltered/bin.342Bacteria[:w82.58%;c87.97%]Proteobacteria[:w82.48%;c87.68%]Betaproteobacteria[:w57.17%;c65.22%]Nitrosomonadales[:w0.47%;c0.87%]Nitrosomonadaceae[:w0.15%;c0.14%]None[:w0.00%;c0.00%]None[:w0.00%;c0.00%]
unfiltered/bin.343Bacteria[:w33.29%;c42.99%]Spirochaetes[:w30.81%;c36.64%]Spirochaetia[:w10.29%;c13.64%]Spirochaetales[:w10.16%;c13.46%]Spirochaetaceae[:w10.09%;c13.27%]Treponema[:w9.59%;c12.15%]Treponema sp. GWC1_61_84[:w0.09%;c0.19%]
unfiltered/bin.344Bacteria[:w43.60%;c58.91%]Unofficial_None[:w41.97%;c54.26%]None[:w0.00%;c0.00%]None[:w0.00%;c0.00%]None[:w0.00%;c0.00%]None[:w0.00%;c0.00%]None[:w0.00%;c0.00%]
unfiltered/bin.345Bacteria[:w20.71%;c31.31%]Candidatus Peregrinibacteria[:w16.19%;c22.22%]None[:w0.00%;c0.00%]None[:w0.00%;c0.00%]None[:w0.00%;c0.00%]None[:w0.00%;c0.00%]None[:w0.00%;c0.00%]
unfiltered/bin.346Bacteria[:w44.74%;c57.14%]Unofficial_None[:w39.84%;c49.11%]None[:w0.00%;c0.00%]None[:w0.00%;c0.00%]None[:w0.00%;c0.00%]None[:w0.00%;c0.00%]None[:w0.00%;c0.00%]
unfiltered/bin.347Bacteria[:w85.31%;c86.76%]Proteobacteria[:w84.63%;c86.05%]Gammaproteobacteria[:w43.50%;c47.04%]Nevskiales[:w27.66%;c32.15%]Sinobacteraceae[:w26.03%;c30.38%]Nevskia[:w0.13%;c0.24%]None[:w0.00%;c0.00%]
unfiltered/bin.348Bacteria[:w13.92%;c16.58%]Ignavibacteriae[:w8.31%;c11.76%]Ignavibacteria[:w3.38%;c3.21%]None[:w0.00%;c0.00%]None[:w0.00%;c0.00%]None[:w0.00%;c0.00%]None[:w0.00%;c0.00%]
unfiltered/bin.349Archaea[:w8.43%;c9.85%]Candidatus Woesearchaeota[:w7.52%;c8.39%]None[:w0.00%;c0.00%]None[:w0.00%;c0.00%]None[:w0.00%;c0.00%]None[:w0.00%;c0.00%]None[:w0.00%;c0.00%]
unfiltered/bin.35Bacteria[:w55.34%;c60.40%]Verrucomicrobia[:w44.12%;c54.48%]Spartobacteria[:w4.47%;c5.92%]Chthoniobacterales[:w0.24%;c0.29%]Chthoniobacteraceae[:w0.24%;c0.29%]Chthoniobacter[:w0.24%;c0.29%]Chthoniobacter flavus[:w0.24%;c0.29%]
unfiltered/bin.350Bacteria[:w40.68%;c52.40%]Bacteroidetes[:w40.52%;c51.09%]Cytophagia[:w0.21%;c0.87%]Cytophagales[:w0.21%;c0.87%]Cytophagaceae[:w0.21%;c0.87%]None[:w0.00%;c0.00%]None[:w0.00%;c0.00%]
unfiltered/bin.351Bacteria[:w22.64%;c32.60%]Candidatus Moranbacteria[:w11.14%;c14.36%]None[:w0.00%;c0.00%]None[:w0.00%;c0.00%]None[:w0.00%;c0.00%]None[:w0.00%;c0.00%]None[:w0.00%;c0.00%]
unfiltered/bin.352Bacteria[:w1.53%;c2.61%]Unofficial_None[:w0.72%;c1.18%]None[:w0.00%;c0.00%]None[:w0.00%;c0.00%]None[:w0.00%;c0.00%]None[:w0.00%;c0.00%]None[:w0.00%;c0.00%]
unfiltered/bin.353Bacteria[:w39.90%;c48.42%]Unofficial_None[:w38.34%;c44.21%]None[:w0.00%;c0.00%]None[:w0.00%;c0.00%]None[:w0.00%;c0.00%]None[:w0.00%;c0.00%]None[:w0.00%;c0.00%]
unfiltered/bin.354Bacteria[:w84.95%;c83.97%]Actinobacteria[:w67.76%;c64.35%]Actinobacteria[:w16.05%;c17.04%]Candidatus Nanopelagicales[:w1.91%;c2.35%]Candidatus Nanopelagicaceae[:w1.91%;c2.35%]Candidatus Planktophila[:w1.91%;c2.35%]Candidatus Planktophila lacus[:w0.10%;c0.11%]
unfiltered/bin.355Bacteria[:w92.02%;c93.89%]Unofficial_None[:w91.33%;c92.37%]None[:w0.00%;c0.00%]None[:w0.00%;c0.00%]None[:w0.00%;c0.00%]None[:w0.00%;c0.00%]None[:w0.00%;c0.00%]
unfiltered/bin.356Bacteria[:w45.40%;c47.70%]Proteobacteria[:w32.07%;c32.53%]Deltaproteobacteria[:w30.10%;c30.14%]Syntrophobacterales[:w4.25%;c4.59%]Syntrophaceae[:w3.21%;c3.59%]Desulfomonile[:w3.21%;c3.59%]Desulfomonile tiedjei[:w3.21%;c3.59%]
unfiltered/bin.357Bacteria[:w19.40%;c23.87%]Candidatus Peregrinibacteria[:w10.19%;c12.16%]None[:w0.00%;c0.00%]None[:w0.00%;c0.00%]None[:w0.00%;c0.00%]None[:w0.00%;c0.00%]None[:w0.00%;c0.00%]
unfiltered/bin.358Bacteria[:w87.33%;c80.65%]Unofficial_None[:w84.23%;c79.03%]None[:w0.00%;c0.00%]None[:w0.00%;c0.00%]None[:w0.00%;c0.00%]None[:w0.00%;c0.00%]None[:w0.00%;c0.00%]
unfiltered/bin.359Bacteria[:w79.11%;c81.82%]Unofficial_None[:w79.11%;c81.82%]None[:w0.00%;c0.00%]None[:w0.00%;c0.00%]None[:w0.00%;c0.00%]None[:w0.00%;c0.00%]None[:w0.00%;c0.00%]
unfiltered/bin.36Archaea[:w2.98%;c14.29%]Candidatus Micrarchaeota[:w2.98%;c14.29%]None[:w0.00%;c0.00%]None[:w0.00%;c0.00%]None[:w0.00%;c0.00%]None[:w0.00%;c0.00%]None[:w0.00%;c0.00%]
unfiltered/bin.360Bacteria[:w54.94%;c53.85%]Candidatus Saccharibacteria[:w54.94%;c53.85%]None[:w0.00%;c0.00%]None[:w0.00%;c0.00%]None[:w0.00%;c0.00%]None[:w0.00%;c0.00%]None[:w0.00%;c0.00%]
unfiltered/bin.361Bacteria[:w30.28%;c38.46%]Unofficial_None[:w29.04%;c35.38%]None[:w0.00%;c0.00%]None[:w0.00%;c0.00%]None[:w0.00%;c0.00%]None[:w0.00%;c0.00%]None[:w0.00%;c0.00%]
unfiltered/bin.362Eukaryota[:w5.61%;c6.35%]Streptophyta[:w4.62%;c3.17%]None[:w0.00%;c0.00%]None[:w0.00%;c0.00%]None[:w0.00%;c0.00%]None[:w0.00%;c0.00%]None[:w0.00%;c0.00%]
unfiltered/bin.363Bacteria[:w18.51%;c24.73%]Lentisphaerae[:w16.81%;c19.31%]None[:w0.00%;c0.00%]None[:w0.00%;c0.00%]None[:w0.00%;c0.00%]None[:w0.00%;c0.00%]None[:w0.00%;c0.00%]
unfiltered/bin.364Bacteria[:w79.41%;c81.72%]Candidatus Falkowbacteria[:w44.88%;c54.84%]None[:w0.00%;c0.00%]None[:w0.00%;c0.00%]None[:w0.00%;c0.00%]None[:w0.00%;c0.00%]None[:w0.00%;c0.00%]
unfiltered/bin.365Bacteria[:w76.54%;c79.61%]Unofficial_None[:w66.26%;c67.06%]None[:w0.00%;c0.00%]None[:w0.00%;c0.00%]None[:w0.00%;c0.00%]None[:w0.00%;c0.00%]None[:w0.00%;c0.00%]
unfiltered/bin.366Bacteria[:w43.80%;c54.55%]Unofficial_None[:w29.24%;c34.85%]None[:w0.00%;c0.00%]None[:w0.00%;c0.00%]None[:w0.00%;c0.00%]None[:w0.00%;c0.00%]None[:w0.00%;c0.00%]
unfiltered/bin.367Bacteria[:w58.85%;c63.89%]Bacteroidetes[:w58.75%;c61.11%]Bacteroidia[:w0.80%;c16.67%]Bacteroidales[:w0.69%;c15.28%]Bacteroidaceae[:w0.07%;c1.39%]Bacteroides[:w0.07%;c1.39%]None[:w0.00%;c0.00%]
unfiltered/bin.368Bacteria[:w69.85%;c72.57%]Unofficial_None[:w69.21%;c71.68%]None[:w0.00%;c0.00%]None[:w0.00%;c0.00%]None[:w0.00%;c0.00%]None[:w0.00%;c0.00%]None[:w0.00%;c0.00%]
unfiltered/bin.369Bacteria[:w62.37%;c64.25%]Candidatus Magasanikbacteria[:w37.68%;c40.22%]None[:w0.00%;c0.00%]None[:w0.00%;c0.00%]None[:w0.00%;c0.00%]None[:w0.00%;c0.00%]None[:w0.00%;c0.00%]
unfiltered/bin.37Bacteria[:w30.89%;c38.10%]Unofficial_None[:w29.31%;c34.52%]None[:w0.00%;c0.00%]None[:w0.00%;c0.00%]None[:w0.00%;c0.00%]None[:w0.00%;c0.00%]None[:w0.00%;c0.00%]
unfiltered/bin.370Bacteria[:w86.63%;c86.67%]Bacteroidetes[:w85.40%;c85.33%]Bacteroidia[:w5.92%;c6.44%]Marinilabiliales[:w3.18%;c3.33%]Prolixibacteraceae[:w2.35%;c2.56%]Mangrovibacterium[:w0.18%;c0.22%]None[:w0.00%;c0.00%]
unfiltered/bin.371Bacteria[:w72.65%;c71.70%]Proteobacteria[:w72.65%;c71.70%]Betaproteobacteria[:w52.09%;c43.40%]None[:w0.00%;c0.00%]None[:w0.00%;c0.00%]None[:w0.00%;c0.00%]None[:w0.00%;c0.00%]
unfiltered/bin.372Bacteria[:w69.06%;c75.41%]Unofficial_None[:w42.90%;c42.62%]None[:w0.00%;c0.00%]None[:w0.00%;c0.00%]None[:w0.00%;c0.00%]None[:w0.00%;c0.00%]None[:w0.00%;c0.00%]
unfiltered/bin.373Bacteria[:w26.28%;c32.81%]Proteobacteria[:w24.25%;c28.12%]Deltaproteobacteria[:w12.71%;c15.62%]Myxococcales[:w0.63%;c1.56%]None[:w0.00%;c0.00%]None[:w0.00%;c0.00%]None[:w0.00%;c0.00%]
unfiltered/bin.374Bacteria[:w19.52%;c18.46%]Candidatus Moranbacteria[:w15.64%;c15.38%]None[:w0.00%;c0.00%]None[:w0.00%;c0.00%]None[:w0.00%;c0.00%]None[:w0.00%;c0.00%]None[:w0.00%;c0.00%]
unfiltered/bin.375Bacteria[:w58.71%;c68.97%]Unofficial_None[:w58.71%;c68.97%]None[:w0.00%;c0.00%]None[:w0.00%;c0.00%]None[:w0.00%;c0.00%]None[:w0.00%;c0.00%]None[:w0.00%;c0.00%]
unfiltered/bin.376Bacteria[:w63.23%;c64.00%]Candidatus Woesebacteria[:w43.29%;c24.00%]None[:w0.00%;c0.00%]None[:w0.00%;c0.00%]None[:w0.00%;c0.00%]None[:w0.00%;c0.00%]None[:w0.00%;c0.00%]
unfiltered/bin.377Bacteria[:w11.37%;c17.42%]Proteobacteria[:w2.43%;c4.10%]Deltaproteobacteria[:w1.55%;c2.34%]Desulfobacterales[:w0.11%;c0.15%]Desulfobacteraceae[:w0.11%;c0.15%]None[:w0.00%;c0.00%]None[:w0.00%;c0.00%]
unfiltered/bin.378Bacteria[:w86.18%;c85.71%]Unofficial_None[:w72.90%;c63.27%]None[:w0.00%;c0.00%]None[:w0.00%;c0.00%]None[:w0.00%;c0.00%]None[:w0.00%;c0.00%]None[:w0.00%;c0.00%]
unfiltered/bin.379Bacteria[:w16.35%;c27.45%]Ignavibacteriae[:w15.59%;c22.88%]Ignavibacteria[:w14.12%;c20.26%]None[:w0.00%;c0.00%]None[:w0.00%;c0.00%]None[:w0.00%;c0.00%]None[:w0.00%;c0.00%]
unfiltered/bin.38Bacteria[:w19.54%;c27.31%]Candidatus Moranbacteria[:w14.01%;c16.48%]None[:w0.00%;c0.00%]None[:w0.00%;c0.00%]None[:w0.00%;c0.00%]None[:w0.00%;c0.00%]None[:w0.00%;c0.00%]
unfiltered/bin.380Bacteria[:w66.19%;c71.43%]Unofficial_None[:w57.47%;c59.18%]None[:w0.00%;c0.00%]None[:w0.00%;c0.00%]None[:w0.00%;c0.00%]None[:w0.00%;c0.00%]None[:w0.00%;c0.00%]
unfiltered/bin.381Bacteria[:w36.38%;c44.32%]Candidatus Omnitrophica[:w35.96%;c43.22%]None[:w0.00%;c0.00%]None[:w0.00%;c0.00%]None[:w0.00%;c0.00%]None[:w0.00%;c0.00%]None[:w0.00%;c0.00%]
unfiltered/bin.382Bacteria[:w85.34%;c83.61%]Proteobacteria[:w85.34%;c83.61%]Betaproteobacteria[:w53.99%;c42.62%]Nitrosomonadales[:w30.79%;c22.95%]Gallionellaceae[:w9.60%;c4.92%]None[:w0.00%;c0.00%]None[:w0.00%;c0.00%]
unfiltered/bin.383Bacteria[:w55.15%;c66.67%]candidate division WWE3[:w55.15%;c66.67%]None[:w0.00%;c0.00%]None[:w0.00%;c0.00%]None[:w0.00%;c0.00%]None[:w0.00%;c0.00%]None[:w0.00%;c0.00%]
unfiltered/bin.384Bacteria[:w44.67%;c62.34%]Unofficial_None[:w44.67%;c62.34%]None[:w0.00%;c0.00%]None[:w0.00%;c0.00%]None[:w0.00%;c0.00%]None[:w0.00%;c0.00%]None[:w0.00%;c0.00%]
unfiltered/bin.385Bacteria[:w44.40%;c57.14%]Proteobacteria[:w41.34%;c54.29%]Epsilonproteobacteria[:w26.88%;c40.00%]Campylobacterales[:w17.67%;c25.71%]Helicobacteraceae[:w2.19%;c5.71%]Sulfuricurvum[:w2.19%;c5.71%]None[:w0.00%;c0.00%]
unfiltered/bin.386Bacteria[:w62.52%;c65.71%]Unofficial_None[:w62.19%;c64.76%]None[:w0.00%;c0.00%]None[:w0.00%;c0.00%]None[:w0.00%;c0.00%]None[:w0.00%;c0.00%]None[:w0.00%;c0.00%]
unfiltered/bin.387Bacteria[:w20.26%;c18.18%]Candidatus Moranbacteria[:w12.12%;c9.09%]None[:w0.00%;c0.00%]None[:w0.00%;c0.00%]None[:w0.00%;c0.00%]None[:w0.00%;c0.00%]None[:w0.00%;c0.00%]
unfiltered/bin.388Bacteria[:w60.66%;c69.18%]Candidatus Saccharibacteria[:w50.39%;c55.35%]None[:w0.00%;c0.00%]None[:w0.00%;c0.00%]None[:w0.00%;c0.00%]None[:w0.00%;c0.00%]None[:w0.00%;c0.00%]
unfiltered/bin.389Bacteria[:w71.97%;c72.51%]Candidatus Peregrinibacteria[:w55.82%;c59.06%]Candidatus Peribacteria[:w15.58%;c18.13%]None[:w0.00%;c0.00%]None[:w0.00%;c0.00%]None[:w0.00%;c0.00%]None[:w0.00%;c0.00%]
unfiltered/bin.39Bacteria[:w61.56%;c69.23%]Unofficial_None[:w57.36%;c63.19%]None[:w0.00%;c0.00%]None[:w0.00%;c0.00%]None[:w0.00%;c0.00%]None[:w0.00%;c0.00%]None[:w0.00%;c0.00%]
unfiltered/bin.390Bacteria[:w60.27%;c70.79%]Unofficial_None[:w37.46%;c43.56%]None[:w0.00%;c0.00%]None[:w0.00%;c0.00%]None[:w0.00%;c0.00%]None[:w0.00%;c0.00%]None[:w0.00%;c0.00%]
unfiltered/bin.391Bacteria[:w74.50%;c76.38%]Unofficial_None[:w44.79%;c40.20%]None[:w0.00%;c0.00%]None[:w0.00%;c0.00%]None[:w0.00%;c0.00%]None[:w0.00%;c0.00%]None[:w0.00%;c0.00%]
unfiltered/bin.392Bacteria[:w0.29%;c0.69%]Proteobacteria[:w0.29%;c0.69%]None[:w0.00%;c0.00%]None[:w0.00%;c0.00%]None[:w0.00%;c0.00%]None[:w0.00%;c0.00%]None[:w0.00%;c0.00%]
unfiltered/bin.393Bacteria[:w48.26%;c30.00%]Unofficial_None[:w41.39%;c15.00%]None[:w0.00%;c0.00%]None[:w0.00%;c0.00%]None[:w0.00%;c0.00%]None[:w0.00%;c0.00%]None[:w0.00%;c0.00%]
unfiltered/bin.394Bacteria[:w27.48%;c29.76%]Lentisphaerae[:w7.56%;c8.93%]None[:w0.00%;c0.00%]None[:w0.00%;c0.00%]None[:w0.00%;c0.00%]None[:w0.00%;c0.00%]None[:w0.00%;c0.00%]
unfiltered/bin.395None[:w0.00%;c0.00%]None[:w0.00%;c0.00%]None[:w0.00%;c0.00%]None[:w0.00%;c0.00%]None[:w0.00%;c0.00%]None[:w0.00%;c0.00%]None[:w0.00%;c0.00%]
unfiltered/bin.396Bacteria[:w56.80%;c65.18%]Unofficial_None[:w54.57%;c59.82%]None[:w0.00%;c0.00%]None[:w0.00%;c0.00%]None[:w0.00%;c0.00%]None[:w0.00%;c0.00%]None[:w0.00%;c0.00%]
unfiltered/bin.397Bacteria[:w61.99%;c76.47%]Unofficial_None[:w61.99%;c76.47%]None[:w0.00%;c0.00%]None[:w0.00%;c0.00%]None[:w0.00%;c0.00%]None[:w0.00%;c0.00%]None[:w0.00%;c0.00%]
unfiltered/bin.398Bacteria[:w49.52%;c59.26%]Unofficial_None[:w47.78%;c57.41%]None[:w0.00%;c0.00%]None[:w0.00%;c0.00%]None[:w0.00%;c0.00%]None[:w0.00%;c0.00%]None[:w0.00%;c0.00%]
unfiltered/bin.399Bacteria[:w50.90%;c58.33%]Candidatus Saccharibacteria[:w45.00%;c50.00%]None[:w0.00%;c0.00%]None[:w0.00%;c0.00%]None[:w0.00%;c0.00%]None[:w0.00%;c0.00%]None[:w0.00%;c0.00%]
unfiltered/bin.4Bacteria[:w56.89%;c62.78%]Chloroflexi[:w55.87%;c61.11%]Anaerolineae[:w0.45%;c0.83%]Anaerolineales[:w0.45%;c0.83%]Anaerolineaceae[:w0.35%;c0.56%]None[:w0.00%;c0.00%]None[:w0.00%;c0.00%]
unfiltered/bin.40Bacteria[:w63.92%;c71.08%]Chloroflexi[:w61.95%;c67.16%]Anaerolineae[:w12.49%;c16.23%]Anaerolineales[:w11.55%;c15.11%]Anaerolineaceae[:w11.48%;c14.93%]Longilinea[:w4.18%;c6.90%]Longilinea arvoryzae[:w4.18%;c6.90%]
unfiltered/bin.400Bacteria[:w58.82%;c68.42%]Unofficial_None[:w46.62%;c52.63%]None[:w0.00%;c0.00%]None[:w0.00%;c0.00%]None[:w0.00%;c0.00%]None[:w0.00%;c0.00%]None[:w0.00%;c0.00%]
unfiltered/bin.401Bacteria[:w70.91%;c71.31%]Unofficial_None[:w63.43%;c67.21%]None[:w0.00%;c0.00%]None[:w0.00%;c0.00%]None[:w0.00%;c0.00%]None[:w0.00%;c0.00%]None[:w0.00%;c0.00%]
unfiltered/bin.402Bacteria[:w26.71%;c33.05%]Unofficial_None[:w25.08%;c28.81%]None[:w0.00%;c0.00%]None[:w0.00%;c0.00%]None[:w0.00%;c0.00%]None[:w0.00%;c0.00%]None[:w0.00%;c0.00%]
unfiltered/bin.403Bacteria[:w76.98%;c80.95%]Candidatus Falkowbacteria[:w37.85%;c41.50%]None[:w0.00%;c0.00%]None[:w0.00%;c0.00%]None[:w0.00%;c0.00%]None[:w0.00%;c0.00%]None[:w0.00%;c0.00%]
unfiltered/bin.404Bacteria[:w34.00%;c44.83%]Elusimicrobia[:w33.38%;c41.38%]None[:w0.00%;c0.00%]None[:w0.00%;c0.00%]None[:w0.00%;c0.00%]None[:w0.00%;c0.00%]None[:w0.00%;c0.00%]
unfiltered/bin.405Bacteria[:w75.61%;c75.00%]Unofficial_None[:w73.46%;c71.88%]None[:w0.00%;c0.00%]None[:w0.00%;c0.00%]None[:w0.00%;c0.00%]None[:w0.00%;c0.00%]None[:w0.00%;c0.00%]
unfiltered/bin.406Bacteria[:w75.38%;c86.54%]Unofficial_None[:w73.66%;c78.85%]None[:w0.00%;c0.00%]None[:w0.00%;c0.00%]None[:w0.00%;c0.00%]None[:w0.00%;c0.00%]None[:w0.00%;c0.00%]
unfiltered/bin.407Bacteria[:w92.99%;c95.25%]Proteobacteria[:w92.90%;c95.09%]Alphaproteobacteria[:w69.17%;c77.06%]Sphingomonadales[:w63.89%;c71.68%]Sphingomonadaceae[:w63.22%;c70.89%]Sphingomonas[:w56.90%;c64.56%]Sphingomonas sp. HMWF008[:w0.10%;c0.16%]
unfiltered/bin.408Bacteria[:w77.15%;c81.25%]Unofficial_None[:w77.15%;c81.25%]None[:w0.00%;c0.00%]None[:w0.00%;c0.00%]None[:w0.00%;c0.00%]None[:w0.00%;c0.00%]None[:w0.00%;c0.00%]
unfiltered/bin.409Bacteria[:w26.15%;c29.06%]Spirochaetes[:w26.15%;c29.06%]Spirochaetia[:w0.80%;c2.56%]Spirochaetales[:w0.80%;c2.56%]None[:w0.00%;c0.00%]None[:w0.00%;c0.00%]None[:w0.00%;c0.00%]
unfiltered/bin.41Bacteria[:w55.02%;c66.53%]Unofficial_None[:w50.85%;c60.50%]None[:w0.00%;c0.00%]None[:w0.00%;c0.00%]None[:w0.00%;c0.00%]None[:w0.00%;c0.00%]None[:w0.00%;c0.00%]
unfiltered/bin.410Bacteria[:w36.16%;c52.31%]Unofficial_None[:w20.52%;c36.92%]None[:w0.00%;c0.00%]None[:w0.00%;c0.00%]None[:w0.00%;c0.00%]None[:w0.00%;c0.00%]None[:w0.00%;c0.00%]
unfiltered/bin.411Bacteria[:w64.65%;c70.97%]Candidatus Gottesmanbacteria[:w31.93%;c37.63%]None[:w0.00%;c0.00%]None[:w0.00%;c0.00%]None[:w0.00%;c0.00%]None[:w0.00%;c0.00%]None[:w0.00%;c0.00%]
unfiltered/bin.412Bacteria[:w67.62%;c70.09%]Unofficial_None[:w64.72%;c67.29%]None[:w0.00%;c0.00%]None[:w0.00%;c0.00%]None[:w0.00%;c0.00%]None[:w0.00%;c0.00%]None[:w0.00%;c0.00%]
unfiltered/bin.413Bacteria[:w11.93%;c18.52%]Ignavibacteriae[:w10.98%;c15.38%]Ignavibacteria[:w2.42%;c4.84%]None[:w0.00%;c0.00%]None[:w0.00%;c0.00%]None[:w0.00%;c0.00%]None[:w0.00%;c0.00%]
unfiltered/bin.414Bacteria[:w50.78%;c55.38%]Unofficial_None[:w49.22%;c49.23%]None[:w0.00%;c0.00%]None[:w0.00%;c0.00%]None[:w0.00%;c0.00%]None[:w0.00%;c0.00%]None[:w0.00%;c0.00%]
unfiltered/bin.415Bacteria[:w44.13%;c57.58%]Unofficial_None[:w38.37%;c45.45%]None[:w0.00%;c0.00%]None[:w0.00%;c0.00%]None[:w0.00%;c0.00%]None[:w0.00%;c0.00%]None[:w0.00%;c0.00%]
unfiltered/bin.416Bacteria[:w44.02%;c27.27%]Candidatus Omnitrophica[:w43.42%;c9.09%]None[:w0.00%;c0.00%]None[:w0.00%;c0.00%]None[:w0.00%;c0.00%]None[:w0.00%;c0.00%]None[:w0.00%;c0.00%]
unfiltered/bin.417Bacteria[:w15.75%;c40.00%]Unofficial_None[:w15.52%;c20.00%]None[:w0.00%;c0.00%]None[:w0.00%;c0.00%]None[:w0.00%;c0.00%]None[:w0.00%;c0.00%]None[:w0.00%;c0.00%]
unfiltered/bin.418Bacteria[:w24.72%;c33.33%]Unofficial_None[:w20.79%;c28.57%]None[:w0.00%;c0.00%]None[:w0.00%;c0.00%]None[:w0.00%;c0.00%]None[:w0.00%;c0.00%]None[:w0.00%;c0.00%]
unfiltered/bin.419Bacteria[:w47.84%;c54.69%]Unofficial_None[:w42.45%;c45.31%]None[:w0.00%;c0.00%]None[:w0.00%;c0.00%]None[:w0.00%;c0.00%]None[:w0.00%;c0.00%]None[:w0.00%;c0.00%]
unfiltered/bin.42Bacteria[:w78.64%;c87.50%]Unofficial_None[:w57.52%;c56.25%]None[:w0.00%;c0.00%]None[:w0.00%;c0.00%]None[:w0.00%;c0.00%]None[:w0.00%;c0.00%]None[:w0.00%;c0.00%]
unfiltered/bin.420Bacteria[:w33.14%;c38.54%]Unofficial_None[:w26.32%;c30.21%]None[:w0.00%;c0.00%]None[:w0.00%;c0.00%]None[:w0.00%;c0.00%]None[:w0.00%;c0.00%]None[:w0.00%;c0.00%]
unfiltered/bin.421Bacteria[:w76.28%;c74.42%]Unofficial_None[:w39.37%;c35.66%]None[:w0.00%;c0.00%]None[:w0.00%;c0.00%]None[:w0.00%;c0.00%]None[:w0.00%;c0.00%]None[:w0.00%;c0.00%]
unfiltered/bin.422Bacteria[:w91.24%;c90.00%]Unofficial_None[:w87.18%;c82.50%]None[:w0.00%;c0.00%]None[:w0.00%;c0.00%]None[:w0.00%;c0.00%]None[:w0.00%;c0.00%]None[:w0.00%;c0.00%]
unfiltered/bin.423Bacteria[:w42.98%;c53.85%]Unofficial_None[:w41.04%;c51.92%]None[:w0.00%;c0.00%]None[:w0.00%;c0.00%]None[:w0.00%;c0.00%]None[:w0.00%;c0.00%]None[:w0.00%;c0.00%]
unfiltered/bin.424Bacteria[:w46.06%;c55.77%]Unofficial_None[:w35.39%;c40.38%]None[:w0.00%;c0.00%]None[:w0.00%;c0.00%]None[:w0.00%;c0.00%]None[:w0.00%;c0.00%]None[:w0.00%;c0.00%]
unfiltered/bin.425Bacteria[:w37.01%;c28.00%]Unofficial_None[:w37.01%;c28.00%]None[:w0.00%;c0.00%]None[:w0.00%;c0.00%]None[:w0.00%;c0.00%]None[:w0.00%;c0.00%]None[:w0.00%;c0.00%]
unfiltered/bin.426Bacteria[:w54.54%;c61.67%]Unofficial_None[:w51.83%;c57.78%]None[:w0.00%;c0.00%]None[:w0.00%;c0.00%]None[:w0.00%;c0.00%]None[:w0.00%;c0.00%]None[:w0.00%;c0.00%]
unfiltered/bin.427Bacteria[:w70.93%;c75.00%]Unofficial_None[:w58.30%;c61.11%]None[:w0.00%;c0.00%]None[:w0.00%;c0.00%]None[:w0.00%;c0.00%]None[:w0.00%;c0.00%]None[:w0.00%;c0.00%]
unfiltered/bin.428Bacteria[:w83.50%;c77.94%]Unofficial_None[:w77.37%;c72.06%]None[:w0.00%;c0.00%]None[:w0.00%;c0.00%]None[:w0.00%;c0.00%]None[:w0.00%;c0.00%]None[:w0.00%;c0.00%]
unfiltered/bin.429Bacteria[:w72.78%;c74.55%]Unofficial_None[:w70.13%;c61.82%]None[:w0.00%;c0.00%]None[:w0.00%;c0.00%]None[:w0.00%;c0.00%]None[:w0.00%;c0.00%]None[:w0.00%;c0.00%]
unfiltered/bin.43Bacteria[:w72.28%;c65.62%]Unofficial_None[:w56.94%;c53.12%]None[:w0.00%;c0.00%]None[:w0.00%;c0.00%]None[:w0.00%;c0.00%]None[:w0.00%;c0.00%]None[:w0.00%;c0.00%]
unfiltered/bin.430Bacteria[:w74.33%;c76.32%]Unofficial_None[:w48.10%;c47.37%]None[:w0.00%;c0.00%]None[:w0.00%;c0.00%]None[:w0.00%;c0.00%]None[:w0.00%;c0.00%]None[:w0.00%;c0.00%]
unfiltered/bin.431Bacteria[:w47.84%;c58.82%]Unofficial_None[:w34.54%;c41.18%]None[:w0.00%;c0.00%]None[:w0.00%;c0.00%]None[:w0.00%;c0.00%]None[:w0.00%;c0.00%]None[:w0.00%;c0.00%]
unfiltered/bin.432Bacteria[:w37.30%;c33.33%]Unofficial_None[:w37.30%;c33.33%]None[:w0.00%;c0.00%]None[:w0.00%;c0.00%]None[:w0.00%;c0.00%]None[:w0.00%;c0.00%]None[:w0.00%;c0.00%]
unfiltered/bin.433Archaea[:w58.78%;c79.31%]Euryarchaeota[:w58.78%;c79.31%]Methanobacteria[:w46.06%;c75.86%]Methanobacteriales[:w46.06%;c75.86%]Methanobacteriaceae[:w29.40%;c60.34%]Methanobacterium[:w29.40%;c60.34%]Methanobacterium formicicum[:w3.23%;c8.62%]
unfiltered/bin.434Bacteria[:w56.61%;c50.00%]Candidatus Uhrbacteria[:w33.96%;c31.25%]None[:w0.00%;c0.00%]None[:w0.00%;c0.00%]None[:w0.00%;c0.00%]None[:w0.00%;c0.00%]None[:w0.00%;c0.00%]
unfiltered/bin.435Bacteria[:w9.80%;c23.33%]Proteobacteria[:w5.44%;c10.00%]Deltaproteobacteria[:w2.80%;c6.67%]Myxococcales[:w1.54%;c3.33%]None[:w0.00%;c0.00%]None[:w0.00%;c0.00%]None[:w0.00%;c0.00%]
unfiltered/bin.436Bacteria[:w40.34%;c41.98%]Candidatus Peregrinibacteria[:w17.90%;c17.56%]None[:w0.00%;c0.00%]None[:w0.00%;c0.00%]None[:w0.00%;c0.00%]None[:w0.00%;c0.00%]None[:w0.00%;c0.00%]
unfiltered/bin.437Bacteria[:w57.95%;c62.58%]Unofficial_None[:w50.19%;c54.60%]None[:w0.00%;c0.00%]None[:w0.00%;c0.00%]None[:w0.00%;c0.00%]None[:w0.00%;c0.00%]None[:w0.00%;c0.00%]
unfiltered/bin.438Bacteria[:w74.75%;c79.37%]Unofficial_None[:w65.70%;c71.43%]None[:w0.00%;c0.00%]None[:w0.00%;c0.00%]None[:w0.00%;c0.00%]None[:w0.00%;c0.00%]None[:w0.00%;c0.00%]
unfiltered/bin.439Bacteria[:w6.75%;c11.54%]Unofficial_None[:w6.75%;c11.54%]None[:w0.00%;c0.00%]None[:w0.00%;c0.00%]None[:w0.00%;c0.00%]None[:w0.00%;c0.00%]None[:w0.00%;c0.00%]
unfiltered/bin.44Bacteria[:w62.69%;c64.79%]Candidatus Uhrbacteria[:w52.56%;c49.30%]None[:w0.00%;c0.00%]None[:w0.00%;c0.00%]None[:w0.00%;c0.00%]None[:w0.00%;c0.00%]None[:w0.00%;c0.00%]
unfiltered/bin.440Bacteria[:w62.03%;c55.74%]Unofficial_None[:w62.03%;c55.74%]None[:w0.00%;c0.00%]None[:w0.00%;c0.00%]None[:w0.00%;c0.00%]None[:w0.00%;c0.00%]None[:w0.00%;c0.00%]
unfiltered/bin.441Bacteria[:w72.19%;c73.91%]Unofficial_None[:w70.48%;c65.22%]None[:w0.00%;c0.00%]None[:w0.00%;c0.00%]None[:w0.00%;c0.00%]None[:w0.00%;c0.00%]None[:w0.00%;c0.00%]
unfiltered/bin.442Bacteria[:w51.97%;c42.50%]Firmicutes[:w51.83%;c37.50%]Negativicutes[:w48.51%;c27.50%]Selenomonadales[:w6.22%;c5.00%]Sporomusaceae[:w6.22%;c5.00%]None[:w0.00%;c0.00%]None[:w0.00%;c0.00%]
unfiltered/bin.443Bacteria[:w46.62%;c49.47%]Bacteroidetes[:w46.62%;c49.47%]Bacteroidia[:w0.17%;c2.11%]Bacteroidales[:w0.11%;c1.05%]None[:w0.00%;c0.00%]None[:w0.00%;c0.00%]None[:w0.00%;c0.00%]
unfiltered/bin.444Bacteria[:w4.93%;c7.37%]Firmicutes[:w3.04%;c3.23%]Clostridia[:w2.95%;c2.76%]Clostridiales[:w1.32%;c1.38%]Proteinivoraceae[:w0.79%;c0.46%]Anaerobranca[:w0.79%;c0.46%]None[:w0.00%;c0.00%]
unfiltered/bin.445Bacteria[:w1.35%;c5.80%]Unofficial_None[:w1.35%;c5.80%]None[:w0.00%;c0.00%]None[:w0.00%;c0.00%]None[:w0.00%;c0.00%]None[:w0.00%;c0.00%]None[:w0.00%;c0.00%]
unfiltered/bin.446Bacteria[:w33.91%;c34.88%]Candidatus Omnitrophica[:w33.14%;c23.26%]None[:w0.00%;c0.00%]None[:w0.00%;c0.00%]None[:w0.00%;c0.00%]None[:w0.00%;c0.00%]None[:w0.00%;c0.00%]
unfiltered/bin.447Bacteria[:w45.85%;c48.84%]Proteobacteria[:w26.64%;c27.50%]Gammaproteobacteria[:w6.79%;c6.98%]Legionellales[:w0.29%;c0.30%]Legionellaceae[:w0.29%;c0.30%]Legionella[:w0.15%;c0.20%]None[:w0.00%;c0.00%]
unfiltered/bin.448Bacteria[:w60.95%;c56.52%]Unofficial_None[:w44.41%;c47.83%]None[:w0.00%;c0.00%]None[:w0.00%;c0.00%]None[:w0.00%;c0.00%]None[:w0.00%;c0.00%]None[:w0.00%;c0.00%]
unfiltered/bin.449Bacteria[:w32.76%;c40.38%]Unofficial_None[:w32.63%;c38.46%]None[:w0.00%;c0.00%]None[:w0.00%;c0.00%]None[:w0.00%;c0.00%]None[:w0.00%;c0.00%]None[:w0.00%;c0.00%]
unfiltered/bin.45Bacteria[:w74.00%;c80.49%]Unofficial_None[:w69.23%;c70.73%]None[:w0.00%;c0.00%]None[:w0.00%;c0.00%]None[:w0.00%;c0.00%]None[:w0.00%;c0.00%]None[:w0.00%;c0.00%]
unfiltered/bin.450Bacteria[:w59.53%;c69.60%]Unofficial_None[:w58.10%;c64.00%]None[:w0.00%;c0.00%]None[:w0.00%;c0.00%]None[:w0.00%;c0.00%]None[:w0.00%;c0.00%]None[:w0.00%;c0.00%]
unfiltered/bin.451Bacteria[:w40.07%;c47.17%]Proteobacteria[:w30.29%;c33.96%]Deltaproteobacteria[:w12.76%;c15.09%]Desulfovibrionales[:w1.66%;c1.89%]Desulfovibrionaceae[:w1.66%;c1.89%]Desulfovibrio[:w1.66%;c1.89%]None[:w0.00%;c0.00%]
unfiltered/bin.452Bacteria[:w78.94%;c76.00%]Unofficial_None[:w56.07%;c64.00%]None[:w0.00%;c0.00%]None[:w0.00%;c0.00%]None[:w0.00%;c0.00%]None[:w0.00%;c0.00%]None[:w0.00%;c0.00%]
unfiltered/bin.453Bacteria[:w48.11%;c50.00%]Unofficial_None[:w41.09%;c36.36%]None[:w0.00%;c0.00%]None[:w0.00%;c0.00%]None[:w0.00%;c0.00%]None[:w0.00%;c0.00%]None[:w0.00%;c0.00%]
unfiltered/bin.454Bacteria[:w52.39%;c54.55%]Unofficial_None[:w47.13%;c45.45%]None[:w0.00%;c0.00%]None[:w0.00%;c0.00%]None[:w0.00%;c0.00%]None[:w0.00%;c0.00%]None[:w0.00%;c0.00%]
unfiltered/bin.455Bacteria[:w45.20%;c57.78%]Unofficial_None[:w35.17%;c46.67%]None[:w0.00%;c0.00%]None[:w0.00%;c0.00%]None[:w0.00%;c0.00%]None[:w0.00%;c0.00%]None[:w0.00%;c0.00%]
unfiltered/bin.456Bacteria[:w31.28%;c31.03%]Proteobacteria[:w29.91%;c27.59%]Deltaproteobacteria[:w14.72%;c13.79%]Myxococcales[:w3.43%;c6.90%]Myxococcaceae[:w2.65%;c3.45%]Corallococcus[:w2.65%;c3.45%]None[:w0.00%;c0.00%]
unfiltered/bin.457Bacteria[:w41.55%;c50.00%]Unofficial_None[:w35.90%;c35.71%]None[:w0.00%;c0.00%]None[:w0.00%;c0.00%]None[:w0.00%;c0.00%]None[:w0.00%;c0.00%]None[:w0.00%;c0.00%]
unfiltered/bin.458Bacteria[:w72.52%;c84.44%]Unofficial_None[:w72.52%;c84.44%]None[:w0.00%;c0.00%]None[:w0.00%;c0.00%]None[:w0.00%;c0.00%]None[:w0.00%;c0.00%]None[:w0.00%;c0.00%]
unfiltered/bin.459Bacteria[:w54.93%;c56.25%]Unofficial_None[:w49.81%;c43.75%]None[:w0.00%;c0.00%]None[:w0.00%;c0.00%]None[:w0.00%;c0.00%]None[:w0.00%;c0.00%]None[:w0.00%;c0.00%]
unfiltered/bin.46Bacteria[:w31.28%;c28.57%]Candidatus Uhrbacteria[:w17.47%;c14.29%]None[:w0.00%;c0.00%]None[:w0.00%;c0.00%]None[:w0.00%;c0.00%]None[:w0.00%;c0.00%]None[:w0.00%;c0.00%]
unfiltered/bin.460Bacteria[:w15.02%;c34.78%]Unofficial_None[:w15.02%;c34.78%]None[:w0.00%;c0.00%]None[:w0.00%;c0.00%]None[:w0.00%;c0.00%]None[:w0.00%;c0.00%]None[:w0.00%;c0.00%]
unfiltered/bin.461Bacteria[:w23.23%;c28.57%]Unofficial_None[:w23.23%;c28.57%]None[:w0.00%;c0.00%]None[:w0.00%;c0.00%]None[:w0.00%;c0.00%]None[:w0.00%;c0.00%]None[:w0.00%;c0.00%]
unfiltered/bin.462Bacteria[:w7.14%;c23.08%]Unofficial_None[:w1.97%;c3.85%]None[:w0.00%;c0.00%]None[:w0.00%;c0.00%]None[:w0.00%;c0.00%]None[:w0.00%;c0.00%]None[:w0.00%;c0.00%]
unfiltered/bin.463Bacteria[:w87.67%;c86.49%]Unofficial_None[:w87.67%;c86.49%]None[:w0.00%;c0.00%]None[:w0.00%;c0.00%]None[:w0.00%;c0.00%]None[:w0.00%;c0.00%]None[:w0.00%;c0.00%]
unfiltered/bin.464Bacteria[:w59.47%;c62.50%]Unofficial_None[:w59.47%;c62.50%]None[:w0.00%;c0.00%]None[:w0.00%;c0.00%]None[:w0.00%;c0.00%]None[:w0.00%;c0.00%]None[:w0.00%;c0.00%]
unfiltered/bin.465Archaea[:w77.92%;c83.83%]Euryarchaeota[:w77.92%;c83.83%]Methanomicrobia[:w75.60%;c81.02%]Methanosarcinales[:w72.58%;c77.26%]Methanosaetaceae[:w61.65%;c68.80%]Methanothrix[:w61.65%;c68.80%]Methanothrix sp.[:w2.83%;c3.20%]
unfiltered/bin.466Bacteria[:w39.55%;c41.94%]Candidatus Berkelbacteria[:w22.45%;c12.90%]None[:w0.00%;c0.00%]None[:w0.00%;c0.00%]None[:w0.00%;c0.00%]None[:w0.00%;c0.00%]None[:w0.00%;c0.00%]
unfiltered/bin.467Bacteria[:w38.92%;c40.74%]Unofficial_None[:w27.38%;c29.63%]None[:w0.00%;c0.00%]None[:w0.00%;c0.00%]None[:w0.00%;c0.00%]None[:w0.00%;c0.00%]None[:w0.00%;c0.00%]
unfiltered/bin.468Bacteria[:w52.48%;c65.00%]Candidatus Buchananbacteria[:w29.00%;c25.00%]None[:w0.00%;c0.00%]None[:w0.00%;c0.00%]None[:w0.00%;c0.00%]None[:w0.00%;c0.00%]None[:w0.00%;c0.00%]
unfiltered/bin.469Bacteria[:w77.62%;c58.82%]Candidatus Magasanikbacteria[:w48.17%;c29.41%]None[:w0.00%;c0.00%]None[:w0.00%;c0.00%]None[:w0.00%;c0.00%]None[:w0.00%;c0.00%]None[:w0.00%;c0.00%]
unfiltered/bin.47Bacteria[:w69.77%;c67.27%]Unofficial_None[:w57.13%;c60.00%]None[:w0.00%;c0.00%]None[:w0.00%;c0.00%]None[:w0.00%;c0.00%]None[:w0.00%;c0.00%]None[:w0.00%;c0.00%]
unfiltered/bin.470Bacteria[:w67.15%;c84.21%]Unofficial_None[:w64.65%;c78.95%]None[:w0.00%;c0.00%]None[:w0.00%;c0.00%]None[:w0.00%;c0.00%]None[:w0.00%;c0.00%]None[:w0.00%;c0.00%]
unfiltered/bin.471Bacteria[:w48.99%;c57.14%]Unofficial_None[:w48.99%;c57.14%]None[:w0.00%;c0.00%]None[:w0.00%;c0.00%]None[:w0.00%;c0.00%]None[:w0.00%;c0.00%]None[:w0.00%;c0.00%]
unfiltered/bin.472Bacteria[:w9.10%;c10.00%]Unofficial_None[:w9.10%;c10.00%]None[:w0.00%;c0.00%]None[:w0.00%;c0.00%]None[:w0.00%;c0.00%]None[:w0.00%;c0.00%]None[:w0.00%;c0.00%]
unfiltered/bin.473Bacteria[:w21.60%;c43.33%]Unofficial_None[:w20.85%;c40.00%]None[:w0.00%;c0.00%]None[:w0.00%;c0.00%]None[:w0.00%;c0.00%]None[:w0.00%;c0.00%]None[:w0.00%;c0.00%]
unfiltered/bin.474Bacteria[:w84.55%;c75.00%]Unofficial_None[:w84.55%;c75.00%]None[:w0.00%;c0.00%]None[:w0.00%;c0.00%]None[:w0.00%;c0.00%]None[:w0.00%;c0.00%]None[:w0.00%;c0.00%]
unfiltered/bin.475Bacteria[:w56.58%;c73.33%]Unofficial_None[:w54.27%;c66.67%]None[:w0.00%;c0.00%]None[:w0.00%;c0.00%]None[:w0.00%;c0.00%]None[:w0.00%;c0.00%]None[:w0.00%;c0.00%]
unfiltered/bin.476Bacteria[:w70.19%;c66.67%]Unofficial_None[:w64.38%;c61.11%]None[:w0.00%;c0.00%]None[:w0.00%;c0.00%]None[:w0.00%;c0.00%]None[:w0.00%;c0.00%]None[:w0.00%;c0.00%]
unfiltered/bin.477Bacteria[:w41.88%;c58.33%]Unofficial_None[:w41.88%;c58.33%]None[:w0.00%;c0.00%]None[:w0.00%;c0.00%]None[:w0.00%;c0.00%]None[:w0.00%;c0.00%]None[:w0.00%;c0.00%]
unfiltered/bin.478Bacteria[:w80.80%;c71.43%]Unofficial_None[:w80.80%;c71.43%]None[:w0.00%;c0.00%]None[:w0.00%;c0.00%]None[:w0.00%;c0.00%]None[:w0.00%;c0.00%]None[:w0.00%;c0.00%]
unfiltered/bin.479Bacteria[:w32.87%;c36.12%]Chloroflexi[:w12.56%;c13.40%]Anaerolineae[:w0.19%;c0.24%]None[:w0.00%;c0.00%]None[:w0.00%;c0.00%]None[:w0.00%;c0.00%]None[:w0.00%;c0.00%]
unfiltered/bin.48Bacteria[:w69.54%;c74.21%]Proteobacteria[:w69.42%;c73.16%]Betaproteobacteria[:w33.31%;c37.37%]Rhodocyclales[:w0.10%;c0.53%]None[:w0.00%;c0.00%]None[:w0.00%;c0.00%]None[:w0.00%;c0.00%]
unfiltered/bin.480Bacteria[:w53.00%;c62.50%]Unofficial_None[:w53.00%;c62.50%]None[:w0.00%;c0.00%]None[:w0.00%;c0.00%]None[:w0.00%;c0.00%]None[:w0.00%;c0.00%]None[:w0.00%;c0.00%]
unfiltered/bin.481None[:w0.00%;c0.00%]None[:w0.00%;c0.00%]None[:w0.00%;c0.00%]None[:w0.00%;c0.00%]None[:w0.00%;c0.00%]None[:w0.00%;c0.00%]None[:w0.00%;c0.00%]
unfiltered/bin.482Bacteria[:w7.03%;c40.00%]Candidatus Peregrinibacteria[:w7.03%;c40.00%]Candidatus Peribacteria[:w6.62%;c20.00%]None[:w0.00%;c0.00%]None[:w0.00%;c0.00%]None[:w0.00%;c0.00%]None[:w0.00%;c0.00%]
unfiltered/bin.483None[:w0.00%;c0.00%]None[:w0.00%;c0.00%]None[:w0.00%;c0.00%]None[:w0.00%;c0.00%]None[:w0.00%;c0.00%]None[:w0.00%;c0.00%]None[:w0.00%;c0.00%]
unfiltered/bin.484Bacteria[:w45.75%;c60.00%]Candidatus Falkowbacteria[:w27.15%;c40.00%]None[:w0.00%;c0.00%]None[:w0.00%;c0.00%]None[:w0.00%;c0.00%]None[:w0.00%;c0.00%]None[:w0.00%;c0.00%]
unfiltered/bin.485Bacteria[:w73.91%;c40.00%]Unofficial_None[:w62.18%;c20.00%]None[:w0.00%;c0.00%]None[:w0.00%;c0.00%]None[:w0.00%;c0.00%]None[:w0.00%;c0.00%]None[:w0.00%;c0.00%]
unfiltered/bin.486Bacteria[:w53.15%;c58.33%]Candidatus Saccharibacteria[:w53.15%;c58.33%]None[:w0.00%;c0.00%]None[:w0.00%;c0.00%]None[:w0.00%;c0.00%]None[:w0.00%;c0.00%]None[:w0.00%;c0.00%]
unfiltered/bin.487Bacteria[:w33.74%;c50.39%]Chloroflexi[:w33.12%;c49.61%]Anaerolineae[:w0.26%;c0.79%]None[:w0.00%;c0.00%]None[:w0.00%;c0.00%]None[:w0.00%;c0.00%]None[:w0.00%;c0.00%]
unfiltered/bin.488Bacteria[:w76.92%;c75.00%]Unofficial_None[:w76.92%;c75.00%]None[:w0.00%;c0.00%]None[:w0.00%;c0.00%]None[:w0.00%;c0.00%]None[:w0.00%;c0.00%]None[:w0.00%;c0.00%]
unfiltered/bin.489None[:w0.00%;c0.00%]None[:w0.00%;c0.00%]None[:w0.00%;c0.00%]None[:w0.00%;c0.00%]None[:w0.00%;c0.00%]None[:w0.00%;c0.00%]None[:w0.00%;c0.00%]
unfiltered/bin.49Bacteria[:w60.89%;c73.68%]Unofficial_None[:w52.58%;c57.89%]None[:w0.00%;c0.00%]None[:w0.00%;c0.00%]None[:w0.00%;c0.00%]None[:w0.00%;c0.00%]None[:w0.00%;c0.00%]
unfiltered/bin.490None[:w0.00%;c0.00%]None[:w0.00%;c0.00%]None[:w0.00%;c0.00%]None[:w0.00%;c0.00%]None[:w0.00%;c0.00%]None[:w0.00%;c0.00%]None[:w0.00%;c0.00%]
unfiltered/bin.491Bacteria[:w65.30%;c84.21%]Unofficial_None[:w63.43%;c78.95%]None[:w0.00%;c0.00%]None[:w0.00%;c0.00%]None[:w0.00%;c0.00%]None[:w0.00%;c0.00%]None[:w0.00%;c0.00%]
unfiltered/bin.492Bacteria[:w13.67%;c24.61%]Proteobacteria[:w12.20%;c21.16%]Deltaproteobacteria[:w8.06%;c13.48%]None[:w0.00%;c0.00%]None[:w0.00%;c0.00%]None[:w0.00%;c0.00%]None[:w0.00%;c0.00%]
unfiltered/bin.493None[:w0.00%;c0.00%]None[:w0.00%;c0.00%]None[:w0.00%;c0.00%]None[:w0.00%;c0.00%]None[:w0.00%;c0.00%]None[:w0.00%;c0.00%]None[:w0.00%;c0.00%]
unfiltered/bin.494Archaea[:w64.63%;c75.95%]Euryarchaeota[:w64.63%;c75.95%]Methanobacteria[:w57.55%;c69.62%]Methanobacteriales[:w57.55%;c69.62%]Methanobacteriaceae[:w35.07%;c41.77%]Methanobacterium[:w32.28%;c36.71%]None[:w0.00%;c0.00%]
unfiltered/bin.495Bacteria[:w99.76%;c83.33%]Unofficial_None[:w99.54%;c66.67%]None[:w0.00%;c0.00%]None[:w0.00%;c0.00%]None[:w0.00%;c0.00%]None[:w0.00%;c0.00%]None[:w0.00%;c0.00%]
unfiltered/bin.496None[:w0.00%;c0.00%]None[:w0.00%;c0.00%]None[:w0.00%;c0.00%]None[:w0.00%;c0.00%]None[:w0.00%;c0.00%]None[:w0.00%;c0.00%]None[:w0.00%;c0.00%]
unfiltered/bin.497Bacteria[:w70.63%;c72.13%]Acidobacteria[:w66.68%;c68.26%]Solibacteres[:w1.02%;c1.19%]Solibacterales[:w0.32%;c0.45%]Solibacteraceae[:w0.32%;c0.45%]Candidatus Sulfopaludibacter[:w0.19%;c0.30%]None[:w0.00%;c0.00%]
unfiltered/bin.498Bacteria[:w20.02%;c60.42%]Proteobacteria[:w11.94%;c39.58%]Gammaproteobacteria[:w3.13%;c10.42%]Methylococcales[:w2.48%;c8.33%]None[:w0.00%;c0.00%]None[:w0.00%;c0.00%]None[:w0.00%;c0.00%]
unfiltered/bin.499Bacteria[:w96.02%;c97.04%]Proteobacteria[:w95.31%;c96.13%]Betaproteobacteria[:w74.49%;c78.13%]Nitrosomonadales[:w23.44%;c28.02%]Methylophilaceae[:w9.61%;c11.16%]Methylotenera[:w8.36%;c10.25%]None[:w0.00%;c0.00%]
unfiltered/bin.5Bacteria[:w78.80%;c90.02%]Proteobacteria[:w78.72%;c89.54%]Deltaproteobacteria[:w76.59%;c87.59%]Desulfovibrionales[:w60.90%;c77.37%]Desulfovibrionaceae[:w54.44%;c73.24%]Desulfovibrio[:w50.96%;c69.83%]None[:w0.00%;c0.00%]
unfiltered/bin.50Bacteria[:w7.89%;c50.00%]Cyanobacteria[:w7.89%;c50.00%]None[:w0.00%;c0.00%]None[:w0.00%;c0.00%]None[:w0.00%;c0.00%]None[:w0.00%;c0.00%]None[:w0.00%;c0.00%]
unfiltered/bin.500Bacteria[:w56.66%;c70.97%]Unofficial_None[:w31.32%;c38.71%]None[:w0.00%;c0.00%]None[:w0.00%;c0.00%]None[:w0.00%;c0.00%]None[:w0.00%;c0.00%]None[:w0.00%;c0.00%]
unfiltered/bin.501Bacteria[:w38.51%;c52.27%]Proteobacteria[:w38.31%;c50.57%]Gammaproteobacteria[:w16.98%;c20.45%]None[:w0.00%;c0.00%]None[:w0.00%;c0.00%]None[:w0.00%;c0.00%]None[:w0.00%;c0.00%]
unfiltered/bin.51Bacteria[:w50.11%;c66.67%]Unofficial_None[:w50.11%;c66.67%]None[:w0.00%;c0.00%]None[:w0.00%;c0.00%]None[:w0.00%;c0.00%]None[:w0.00%;c0.00%]None[:w0.00%;c0.00%]
unfiltered/bin.52Bacteria[:w32.55%;c35.37%]Verrucomicrobia[:w14.24%;c15.27%]Opitutae[:w0.83%;c1.02%]Opitutales[:w0.83%;c1.02%]Opitutaceae[:w0.83%;c1.02%]None[:w0.00%;c0.00%]None[:w0.00%;c0.00%]
unfiltered/bin.53Bacteria[:w78.82%;c78.05%]Unofficial_None[:w75.69%;c68.29%]None[:w0.00%;c0.00%]None[:w0.00%;c0.00%]None[:w0.00%;c0.00%]None[:w0.00%;c0.00%]None[:w0.00%;c0.00%]
unfiltered/bin.54Bacteria[:w68.24%;c73.45%]Chloroflexi[:w67.06%;c71.37%]Anaerolineae[:w1.96%;c3.11%]Anaerolineales[:w0.21%;c0.39%]None[:w0.00%;c0.00%]None[:w0.00%;c0.00%]None[:w0.00%;c0.00%]
unfiltered/bin.55Bacteria[:w6.22%;c8.33%]Unofficial_None[:w6.22%;c8.33%]None[:w0.00%;c0.00%]None[:w0.00%;c0.00%]None[:w0.00%;c0.00%]None[:w0.00%;c0.00%]None[:w0.00%;c0.00%]
unfiltered/bin.56Bacteria[:w72.37%;c80.21%]Nitrospirae[:w67.70%;c72.68%]Nitrospira[:w46.65%;c56.74%]Nitrospirales[:w46.37%;c56.57%]Nitrospiraceae[:w46.37%;c56.57%]Nitrospira[:w40.70%;c51.49%]Nitrospira japonica[:w0.10%;c0.18%]
unfiltered/bin.57Bacteria[:w36.79%;c39.47%]Proteobacteria[:w30.96%;c32.79%]Deltaproteobacteria[:w20.96%;c22.27%]Myxococcales[:w1.04%;c1.21%]Polyangiaceae[:w0.26%;c0.40%]Sorangium[:w0.26%;c0.40%]Sorangium cellulosum[:w0.26%;c0.40%]
unfiltered/bin.58Bacteria[:w52.59%;c56.07%]Actinobacteria[:w50.77%;c53.16%]Actinobacteria[:w0.59%;c0.49%]Pseudonocardiales[:w0.26%;c0.24%]Pseudonocardiaceae[:w0.26%;c0.24%]Actinoalloteichus[:w0.26%;c0.24%]None[:w0.00%;c0.00%]
unfiltered/bin.59Bacteria[:w47.99%;c48.28%]Unofficial_None[:w27.39%;c27.59%]None[:w0.00%;c0.00%]None[:w0.00%;c0.00%]None[:w0.00%;c0.00%]None[:w0.00%;c0.00%]None[:w0.00%;c0.00%]
unfiltered/bin.6Bacteria[:w70.64%;c83.13%]Unofficial_None[:w70.36%;c81.93%]None[:w0.00%;c0.00%]None[:w0.00%;c0.00%]None[:w0.00%;c0.00%]None[:w0.00%;c0.00%]None[:w0.00%;c0.00%]
unfiltered/bin.60Bacteria[:w93.04%;c93.75%]Unofficial_None[:w78.70%;c75.00%]None[:w0.00%;c0.00%]None[:w0.00%;c0.00%]None[:w0.00%;c0.00%]None[:w0.00%;c0.00%]None[:w0.00%;c0.00%]
unfiltered/bin.61Bacteria[:w22.80%;c33.33%]Candidatus Amesbacteria[:w22.80%;c33.33%]None[:w0.00%;c0.00%]None[:w0.00%;c0.00%]None[:w0.00%;c0.00%]None[:w0.00%;c0.00%]None[:w0.00%;c0.00%]
unfiltered/bin.62Bacteria[:w29.67%;c36.84%]Unofficial_None[:w29.67%;c36.84%]None[:w0.00%;c0.00%]None[:w0.00%;c0.00%]None[:w0.00%;c0.00%]None[:w0.00%;c0.00%]None[:w0.00%;c0.00%]
unfiltered/bin.63Bacteria[:w7.30%;c15.38%]Proteobacteria[:w3.38%;c7.69%]Betaproteobacteria[:w0.75%;c1.92%]Nitrosomonadales[:w0.75%;c1.92%]Methylophilaceae[:w0.75%;c1.92%]Candidatus Methylopumilus[:w0.75%;c1.92%]Candidatus Methylopumilus turicensis[:w0.75%;c1.92%]
unfiltered/bin.64Archaea[:w42.21%;c52.63%]Euryarchaeota[:w42.21%;c52.63%]Methanomicrobia[:w39.78%;c50.38%]Methanosarcinales[:w33.45%;c42.86%]Methanosaetaceae[:w27.41%;c38.35%]Methanothrix[:w27.41%;c38.35%]Methanothrix sp.[:w3.68%;c6.02%]
unfiltered/bin.65None[:w0.00%;c0.00%]None[:w0.00%;c0.00%]None[:w0.00%;c0.00%]None[:w0.00%;c0.00%]None[:w0.00%;c0.00%]None[:w0.00%;c0.00%]None[:w0.00%;c0.00%]
unfiltered/bin.66None[:w0.00%;c0.00%]None[:w0.00%;c0.00%]None[:w0.00%;c0.00%]None[:w0.00%;c0.00%]None[:w0.00%;c0.00%]None[:w0.00%;c0.00%]None[:w0.00%;c0.00%]
unfiltered/bin.67Bacteria[:w17.71%;c27.92%]Proteobacteria[:w6.54%;c10.39%]Alphaproteobacteria[:w1.96%;c3.25%]Rhizobiales[:w0.76%;c1.30%]None[:w0.00%;c0.00%]None[:w0.00%;c0.00%]None[:w0.00%;c0.00%]
unfiltered/bin.68Bacteria[:w30.17%;c25.00%]Unofficial_None[:w30.17%;c25.00%]None[:w0.00%;c0.00%]None[:w0.00%;c0.00%]None[:w0.00%;c0.00%]None[:w0.00%;c0.00%]None[:w0.00%;c0.00%]
unfiltered/bin.69Bacteria[:w6.76%;c34.48%]Proteobacteria[:w5.20%;c24.14%]Deltaproteobacteria[:w1.63%;c6.90%]Desulfobacterales[:w0.43%;c3.45%]Desulfobulbaceae[:w0.43%;c3.45%]None[:w0.00%;c0.00%]None[:w0.00%;c0.00%]
unfiltered/bin.7Bacteria[:w55.22%;c60.00%]Unofficial_None[:w44.93%;c40.00%]None[:w0.00%;c0.00%]None[:w0.00%;c0.00%]None[:w0.00%;c0.00%]None[:w0.00%;c0.00%]None[:w0.00%;c0.00%]
unfiltered/bin.70Bacteria[:w84.88%;c86.24%]Proteobacteria[:w83.57%;c80.73%]Betaproteobacteria[:w6.78%;c7.34%]Nitrosomonadales[:w5.92%;c5.50%]Thiobacillaceae[:w5.68%;c4.13%]Thiobacillus[:w5.61%;c3.67%]None[:w0.00%;c0.00%]
unfiltered/bin.71Bacteria[:w71.29%;c73.39%]Firmicutes[:w70.72%;c72.10%]Clostridia[:w14.28%;c18.60%]Clostridiales[:w10.01%;c13.88%]Syntrophomonadaceae[:w3.10%;c4.86%]Syntrophomonas[:w1.34%;c2.00%]Syntrophomonas zehnderi[:w0.10%;c0.14%]
unfiltered/bin.72Bacteria[:w98.33%;c95.76%]Unofficial_None[:w97.52%;c92.37%]None[:w0.00%;c0.00%]None[:w0.00%;c0.00%]None[:w0.00%;c0.00%]None[:w0.00%;c0.00%]None[:w0.00%;c0.00%]
unfiltered/bin.73Bacteria[:w68.84%;c80.00%]Proteobacteria[:w68.84%;c80.00%]Epsilonproteobacteria[:w56.19%;c70.00%]Campylobacterales[:w30.10%;c45.91%]Helicobacteraceae[:w9.79%;c14.55%]Sulfuricurvum[:w8.80%;c10.91%]None[:w0.00%;c0.00%]
unfiltered/bin.74Bacteria[:w46.25%;c43.48%]Unofficial_None[:w46.25%;c43.48%]None[:w0.00%;c0.00%]None[:w0.00%;c0.00%]None[:w0.00%;c0.00%]None[:w0.00%;c0.00%]None[:w0.00%;c0.00%]
unfiltered/bin.75Bacteria[:w28.75%;c38.50%]Chloroflexi[:w28.36%;c37.17%]Anaerolineae[:w4.85%;c4.01%]Anaerolineales[:w4.85%;c4.01%]Anaerolineaceae[:w4.85%;c4.01%]Anaerolinea[:w0.07%;c0.27%]None[:w0.00%;c0.00%]
unfiltered/bin.76Bacteria[:w24.09%;c25.00%]Unofficial_None[:w24.09%;c25.00%]None[:w0.00%;c0.00%]None[:w0.00%;c0.00%]None[:w0.00%;c0.00%]None[:w0.00%;c0.00%]None[:w0.00%;c0.00%]
unfiltered/bin.77Archaea[:w92.53%;c96.96%]Euryarchaeota[:w92.53%;c96.96%]Methanobacteria[:w90.03%;c95.22%]Methanobacteriales[:w90.03%;c95.22%]Methanobacteriaceae[:w61.57%;c70.43%]Methanobacterium[:w61.03%;c69.57%]Methanobacterium formicicum[:w1.38%;c1.74%]
unfiltered/bin.78Bacteria[:w17.13%;c40.00%]Unofficial_None[:w17.13%;c40.00%]None[:w0.00%;c0.00%]None[:w0.00%;c0.00%]None[:w0.00%;c0.00%]None[:w0.00%;c0.00%]None[:w0.00%;c0.00%]
unfiltered/bin.79Bacteria[:w48.10%;c56.99%]Unofficial_None[:w43.08%;c48.70%]None[:w0.00%;c0.00%]None[:w0.00%;c0.00%]None[:w0.00%;c0.00%]None[:w0.00%;c0.00%]None[:w0.00%;c0.00%]
unfiltered/bin.8Archaea[:w63.95%;c71.70%]Euryarchaeota[:w63.95%;c71.70%]Methanobacteria[:w57.88%;c62.26%]Methanobacteriales[:w57.88%;c62.26%]Methanobacteriaceae[:w2.04%;c3.77%]Methanobacterium[:w1.83%;c1.89%]None[:w0.00%;c0.00%]
unfiltered/bin.80Bacteria[:w18.04%;c23.08%]Ignavibacteriae[:w12.83%;c7.69%]None[:w0.00%;c0.00%]None[:w0.00%;c0.00%]None[:w0.00%;c0.00%]None[:w0.00%;c0.00%]None[:w0.00%;c0.00%]
unfiltered/bin.81Bacteria[:w32.06%;c44.89%]Acidobacteria[:w30.50%;c32.39%]Acidobacteriia[:w0.32%;c0.57%]Acidobacteriales[:w0.32%;c0.57%]None[:w0.00%;c0.00%]None[:w0.00%;c0.00%]None[:w0.00%;c0.00%]
unfiltered/bin.82Bacteria[:w50.79%;c53.33%]Unofficial_None[:w31.95%;c33.33%]None[:w0.00%;c0.00%]None[:w0.00%;c0.00%]None[:w0.00%;c0.00%]None[:w0.00%;c0.00%]None[:w0.00%;c0.00%]
unfiltered/bin.83Bacteria[:w75.07%;c79.17%]Firmicutes[:w74.91%;c78.73%]Clostridia[:w14.59%;c17.11%]Clostridiales[:w11.19%;c12.50%]Syntrophomonadaceae[:w3.20%;c3.95%]Syntrophomonas[:w1.76%;c1.97%]Syntrophomonas zehnderi[:w0.18%;c0.22%]
unfiltered/bin.84Bacteria[:w8.68%;c9.22%]Candidatus Tectomicrobia[:w6.78%;c2.73%]None[:w0.00%;c0.00%]None[:w0.00%;c0.00%]None[:w0.00%;c0.00%]None[:w0.00%;c0.00%]None[:w0.00%;c0.00%]
unfiltered/bin.85Bacteria[:w88.91%;c88.89%]Proteobacteria[:w88.91%;c88.89%]Gammaproteobacteria[:w45.62%;c54.17%]None[:w0.00%;c0.00%]None[:w0.00%;c0.00%]None[:w0.00%;c0.00%]None[:w0.00%;c0.00%]
unfiltered/bin.86Archaea[:w37.25%;c41.09%]Euryarchaeota[:w37.25%;c41.09%]Methanomicrobia[:w34.41%;c38.76%]Methanosarcinales[:w31.12%;c33.33%]Methanosaetaceae[:w22.20%;c17.83%]Methanothrix[:w22.20%;c17.83%]None[:w0.00%;c0.00%]
unfiltered/bin.87Bacteria[:w60.87%;c65.49%]Acidobacteria[:w54.47%;c53.83%]Acidobacteriia[:w0.13%;c0.31%]None[:w0.00%;c0.00%]None[:w0.00%;c0.00%]None[:w0.00%;c0.00%]None[:w0.00%;c0.00%]
unfiltered/bin.88Bacteria[:w30.88%;c36.67%]Spirochaetes[:w30.88%;c36.67%]Spirochaetia[:w1.93%;c1.67%]Spirochaetales[:w1.93%;c1.67%]None[:w0.00%;c0.00%]None[:w0.00%;c0.00%]None[:w0.00%;c0.00%]
unfiltered/bin.89Bacteria[:w27.34%;c28.57%]Unofficial_None[:w27.34%;c28.57%]None[:w0.00%;c0.00%]None[:w0.00%;c0.00%]None[:w0.00%;c0.00%]None[:w0.00%;c0.00%]None[:w0.00%;c0.00%]
unfiltered/bin.9Bacteria[:w59.72%;c69.48%]Unofficial_None[:w54.06%;c60.39%]None[:w0.00%;c0.00%]None[:w0.00%;c0.00%]None[:w0.00%;c0.00%]None[:w0.00%;c0.00%]None[:w0.00%;c0.00%]
unfiltered/bin.90Bacteria[:w19.41%;c18.18%]Candidatus Magasanikbacteria[:w12.44%;c9.09%]None[:w0.00%;c0.00%]None[:w0.00%;c0.00%]None[:w0.00%;c0.00%]None[:w0.00%;c0.00%]None[:w0.00%;c0.00%]
unfiltered/bin.91Bacteria[:w79.44%;c76.63%]Bacteroidetes[:w78.30%;c73.02%]Flavobacteriia[:w0.06%;c0.17%]Flavobacteriales[:w0.06%;c0.17%]Flavobacteriaceae[:w0.06%;c0.17%]None[:w0.00%;c0.00%]None[:w0.00%;c0.00%]
unfiltered/bin.92Bacteria[:w46.13%;c50.22%]Proteobacteria[:w18.43%;c21.41%]Deltaproteobacteria[:w9.03%;c11.33%]Myxococcales[:w3.19%;c3.93%]Archangiaceae[:w0.70%;c0.89%]Cystobacter[:w0.51%;c0.62%]None[:w0.00%;c0.00%]
unfiltered/bin.93Bacteria[:w72.19%;c75.98%]Unofficial_None[:w70.94%;c74.30%]None[:w0.00%;c0.00%]None[:w0.00%;c0.00%]None[:w0.00%;c0.00%]None[:w0.00%;c0.00%]None[:w0.00%;c0.00%]
unfiltered/bin.94Bacteria[:w85.07%;c85.00%]Proteobacteria[:w85.07%;c85.00%]Acidithiobacillia[:w73.16%;c55.00%]Acidithiobacillales[:w73.16%;c55.00%]Acidithiobacillaceae[:w72.08%;c50.00%]Acidithiobacillus[:w72.08%;c50.00%]Acidithiobacillus ferrivorans[:w26.39%;c5.00%]
unfiltered/bin.95Bacteria[:w70.26%;c75.42%]Firmicutes[:w70.26%;c75.42%]Clostridia[:w31.03%;c41.24%]Clostridiales[:w22.26%;c31.36%]Clostridiaceae[:w10.71%;c12.71%]Clostridium[:w1.06%;c2.82%]None[:w0.00%;c0.00%]
unfiltered/bin.96Bacteria[:w76.86%;c73.91%]Unofficial_None[:w76.86%;c73.91%]None[:w0.00%;c0.00%]None[:w0.00%;c0.00%]None[:w0.00%;c0.00%]None[:w0.00%;c0.00%]None[:w0.00%;c0.00%]
unfiltered/bin.97Bacteria[:w40.08%;c49.85%]Verrucomicrobia[:w37.91%;c44.62%]Verrucomicrobiae[:w4.95%;c5.33%]Verrucomicrobiales[:w4.95%;c5.33%]Verrucomicrobia subdivision 3[:w4.68%;c4.92%]Pedosphaera[:w4.68%;c4.92%]Pedosphaera sp. Tous-C6FEB[:w0.98%;c1.33%]
unfiltered/bin.98Bacteria[:w91.31%;c77.78%]Unofficial_None[:w91.31%;c77.78%]None[:w0.00%;c0.00%]None[:w0.00%;c0.00%]None[:w0.00%;c0.00%]None[:w0.00%;c0.00%]None[:w0.00%;c0.00%]
unfiltered/bin.99Bacteria[:w88.89%;c90.43%]Nitrospirae[:w87.38%;c88.70%]Nitrospira[:w51.17%;c65.22%]Nitrospirales[:w51.17%;c65.22%]Nitrospiraceae[:w51.17%;c65.22%]Nitrospira[:w46.46%;c60.00%]None[:w0.00%;c0.00%]
